>> Torch threads: 24 (data loading workers: 1 each)>> Torch threads: 24 (data loading workers: 1 each)
>> Torch threads: 24 (data loading workers: 1 each)

>> Torch threads: 24 (data loading workers: 1 each)>> Torch threads: 24 (data loading workers: 1 each)>> Torch threads: 24 (data loading workers: 1 each)>> Torch threads: 24 (data loading workers: 1 each)



>> Torch threads: 24 (data loading workers: 1 each)>> Torch threads: 24 (data loading workers: 1 each)>> Torch threads: 24 (data loading workers: 1 each)>> Torch threads: 24 (data loading workers: 1 each)

>> Torch threads: 24 (data loading workers: 1 each)>> Torch threads: 24 (data loading workers: 1 each)

>> Torch threads: 24 (data loading workers: 1 each)>> Torch threads: 24 (data loading workers: 1 each)>> Torch threads: 24 (data loading workers: 1 each)




wandb: [wandb.login()] Loaded credentials for https://api.wandb.ai from WANDB_API_KEY.
wandb: [wandb.login()] Loaded credentials for https://api.wandb.ai from WANDB_API_KEY.
wandb: [wandb.login()] Loaded credentials for https://api.wandb.ai from WANDB_API_KEY.
wandb: [wandb.login()] Loaded credentials for https://api.wandb.ai from WANDB_API_KEY.
wandb: [wandb.login()] Loaded credentials for https://api.wandb.ai from WANDB_API_KEY.
wandb: [wandb.login()] Loaded credentials for https://api.wandb.ai from WANDB_API_KEY.
wandb: [wandb.login()] Loaded credentials for https://api.wandb.ai from WANDB_API_KEY.
wandb: [wandb.login()] Loaded credentials for https://api.wandb.ai from WANDB_API_KEY.
wandb: [wandb.login()] Loaded credentials for https://api.wandb.ai from WANDB_API_KEY.
wandb: [wandb.login()] Loaded credentials for https://api.wandb.ai from WANDB_API_KEY.
wandb: [wandb.login()] Loaded credentials for https://api.wandb.ai from WANDB_API_KEY.
wandb: [wandb.login()] Loaded credentials for https://api.wandb.ai from WANDB_API_KEY.
wandb: [wandb.login()] Loaded credentials for https://api.wandb.ai from WANDB_API_KEY.
wandb: [wandb.login()] Loaded credentials for https://api.wandb.ai from WANDB_API_KEY.
wandb: [wandb.login()] Loaded credentials for https://api.wandb.ai from WANDB_API_KEY.
wandb: [wandb.login()] Loaded credentials for https://api.wandb.ai from WANDB_API_KEY.
wandb: Currently logged in as: jonkerluuk06 (ai-for-medical-imaging) to https://api.wandb.ai. Use `wandb login --relogin` to force relogin
wandb: Currently logged in as: jonkerluuk06 (ai-for-medical-imaging) to https://api.wandb.ai. Use `wandb login --relogin` to force relogin
wandb: Currently logged in as: jonkerluuk06 (ai-for-medical-imaging) to https://api.wandb.ai. Use `wandb login --relogin` to force relogin
wandb: Currently logged in as: jonkerluuk06 (ai-for-medical-imaging) to https://api.wandb.ai. Use `wandb login --relogin` to force relogin
wandb: Currently logged in as: jonkerluuk06 (ai-for-medical-imaging) to https://api.wandb.ai. Use `wandb login --relogin` to force relogin
wandb: Currently logged in as: jonkerluuk06 (ai-for-medical-imaging) to https://api.wandb.ai. Use `wandb login --relogin` to force relogin
wandb: Currently logged in as: jonkerluuk06 (ai-for-medical-imaging) to https://api.wandb.ai. Use `wandb login --relogin` to force relogin
wandb: Currently logged in as: jonkerluuk06 (ai-for-medical-imaging) to https://api.wandb.ai. Use `wandb login --relogin` to force relogin
wandb: Currently logged in as: jonkerluuk06 (ai-for-medical-imaging) to https://api.wandb.ai. Use `wandb login --relogin` to force relogin
wandb: Currently logged in as: jonkerluuk06 (ai-for-medical-imaging) to https://api.wandb.ai. Use `wandb login --relogin` to force relogin
wandb: Currently logged in as: jonkerluuk06 (ai-for-medical-imaging) to https://api.wandb.ai. Use `wandb login --relogin` to force relogin
wandb: Currently logged in as: jonkerluuk06 (ai-for-medical-imaging) to https://api.wandb.ai. Use `wandb login --relogin` to force relogin
wandb: Currently logged in as: jonkerluuk06 (ai-for-medical-imaging) to https://api.wandb.ai. Use `wandb login --relogin` to force relogin
wandb: Currently logged in as: jonkerluuk06 (ai-for-medical-imaging) to https://api.wandb.ai. Use `wandb login --relogin` to force relogin
wandb: Currently logged in as: jonkerluuk06 (ai-for-medical-imaging) to https://api.wandb.ai. Use `wandb login --relogin` to force relogin
wandb: Currently logged in as: jonkerluuk06 (ai-for-medical-imaging) to https://api.wandb.ai. Use `wandb login --relogin` to force relogin
wandb: setting up run 40xxesav
wandb: setting up run f670tv9p
wandb: setting up run 3xkr5s4h
wandb: setting up run 4ohcrsl2
wandb: setting up run tf2d1g5c
wandb: setting up run gt8y3sw6
wandb: setting up run ckv768qy
wandb: Tracking run with wandb version 0.30.0
wandb: Run data is saved locally in /gpfs/home3/scur0088/project/results/wandb/wandb/run-20261011_031654-gt8y3sw6
wandb: Run `wandb offline` to turn off syncing.
wandb: Syncing run legendary-star-10
wandb: ⭐️ View project at https://wandb.ai/ai-for-medical-imaging/SEGTHOR-3D-CPU
wandb: 🚀 View run at https://wandb.ai/ai-for-medical-imaging/SEGTHOR-3D-CPU/runs/gt8y3sw6
wandb: Tracking run with wandb version 0.30.0
wandb: Run data is saved locally in /gpfs/home3/scur0088/project/results/wandb/wandb/run-20261011_031654-3pefvvbq
wandb: Run `wandb offline` to turn off syncing.
wandb: Syncing run splendid-frog-10
wandb: ⭐️ View project at https://wandb.ai/ai-for-medical-imaging/SEGTHOR-3D-CPU
wandb: 🚀 View run at https://wandb.ai/ai-for-medical-imaging/SEGTHOR-3D-CPU/runs/3pefvvbq
wandb: Tracking run with wandb version 0.30.0
wandb: Tracking run with wandb version 0.30.0
wandb: Run data is saved locally in /gpfs/home3/scur0088/project/results/wandb/wandb/run-20261011_031654-ckv768qy
wandb: Run `wandb offline` to turn off syncing.
wandb: Syncing run generous-wood-11
wandb: ⭐️ View project at https://wandb.ai/ai-for-medical-imaging/SEGTHOR-3D-CPU
wandb: Run data is saved locally in /gpfs/home3/scur0088/project/results/wandb/wandb/run-20261011_031654-3xkr5s4h
wandb: Run `wandb offline` to turn off syncing.
wandb: 🚀 View run at https://wandb.ai/ai-for-medical-imaging/SEGTHOR-3D-CPU/runs/ckv768qy
wandb: Syncing run volcanic-glitter-10
wandb: ⭐️ View project at https://wandb.ai/ai-for-medical-imaging/SEGTHOR-3D-CPU
wandb: 🚀 View run at https://wandb.ai/ai-for-medical-imaging/SEGTHOR-3D-CPU/runs/3xkr5s4h
wandb: Tracking run with wandb version 0.30.0
wandb: Run data is saved locally in /gpfs/home3/scur0088/project/results/wandb/wandb/run-20261011_031654-40xxesav
wandb: Run `wandb offline` to turn off syncing.
wandb: Syncing run exalted-paper-10
wandb: ⭐️ View project at https://wandb.ai/ai-for-medical-imaging/SEGTHOR-3D-CPU
wandb: 🚀 View run at https://wandb.ai/ai-for-medical-imaging/SEGTHOR-3D-CPU/runs/40xxesav
wandb: Tracking run with wandb version 0.30.0
wandb: Run data is saved locally in /gpfs/home3/scur0088/project/results/wandb/wandb/run-20261011_031654-f670tv9p
wandb: Run `wandb offline` to turn off syncing.
wandb: Syncing run cosmic-puddle-14
wandb: ⭐️ View project at https://wandb.ai/ai-for-medical-imaging/SEGTHOR-3D-CPU
wandb: 🚀 View run at https://wandb.ai/ai-for-medical-imaging/SEGTHOR-3D-CPU/runs/f670tv9p
wandb: Tracking run with wandb version 0.30.0
wandb: Run data is saved locally in /gpfs/home3/scur0088/project/results/wandb/wandb/run-20261011_031654-gggne1c4
wandb: Run `wandb offline` to turn off syncing.
wandb: Syncing run flowing-brook-17
wandb: ⭐️ View project at https://wandb.ai/ai-for-medical-imaging/SEGTHOR-3D-CPU
wandb: 🚀 View run at https://wandb.ai/ai-for-medical-imaging/SEGTHOR-3D-CPU/runs/gggne1c4
wandb: Tracking run with wandb version 0.30.0
wandb: Run data is saved locally in /gpfs/home3/scur0088/project/results/wandb/wandb/run-20261011_031654-4ohcrsl2
wandb: Run `wandb offline` to turn off syncing.
wandb: Syncing run silver-river-11
wandb: ⭐️ View project at https://wandb.ai/ai-for-medical-imaging/SEGTHOR-3D-CPU
wandb: 🚀 View run at https://wandb.ai/ai-for-medical-imaging/SEGTHOR-3D-CPU/runs/4ohcrsl2
wandb: setting up run yk3cw1jv
wandb: setting up run 6hou3w4a
wandb: setting up run me7ftksj
wandb: setting up run sqm19ubn
wandb: Tracking run with wandb version 0.30.0
wandb: Run data is saved locally in /gpfs/home3/scur0088/project/results/wandb/wandb/run-20261011_031654-zax4y4o6
wandb: Run `wandb offline` to turn off syncing.
wandb: Syncing run drawn-donkey-18
wandb: ⭐️ View project at https://wandb.ai/ai-for-medical-imaging/SEGTHOR-3D-CPU
wandb: 🚀 View run at https://wandb.ai/ai-for-medical-imaging/SEGTHOR-3D-CPU/runs/zax4y4o6
{{{'augmentation''augmentation': : {{'augmentation''contrast_prob''contrast_prob': : : 0.00.0{,
{{'augmentation''augmentation': : {{'contrast_prob': 0.0'contrast_prob',
                  ,
{'augmentation': {'contrast_prob': 0.0,
                  : 'contrast_range'0.0: ,
{{'augmentation': 'augmentation': {{'contrast_prob''contrast_prob': : 0.00.0,
                  'contrast_range''contrast_prob''contrast_range': : : (0.8, 1.25)(0.8, 1.25)0.0,
                  (0.8, 1.25)'contrast_range',
                  ,
                  'enabled',
                  'contrast_range',
                  'contrast_range': (0.8, 1.25),
                  : 'enabled'(0.8, 1.25): ,
                  : 'enabled''contrast_range'False: : ,
                  False'enabled',
                  : 'contrast_range'(0.8, 1.25): ,
                  (0.8, 1.25)'enabled',
                  'enabled': False,
                  : 'gamma_prob'False: ,
                  'gamma_prob': 0.0,
                  0.0'gamma_prob',
                  False'gamma_range',
                  : 'enabled'False: ,
                  'gamma_prob': 0.0,
                  : (0.8, 1.25)'gamma_prob'(0.7, 1.5),
                  False'gamma_prob',
                  : 'gamma_range'0.0: ,
                  : ,
                  (0.7, 1.5)'gamma_range',
                  'enabled'0.0'noise_level': ,
                  'gamma_prob': : 0.00.0,
                  'gamma_range': (0.7, 1.5),
                  ,
                  : 'gamma_range'False,
                  : 'noise_level': (0.7, 1.5),
                  'gamma_prob'0.05: : ,
                  'gamma_range''gamma_range': : (0.7, 1.5),
                  'noise_level'0.05,
                  0.0(0.7, 1.5)'noise_prob',
                  ,
                  (0.7, 1.5),
                  : 'noise_prob'0.05: ,
                  : 'gamma_range'0.5: }'noise_level'(0.7, 1.5),
                  0.5'noise_prob'}: ,
 : 'dataset'0.05: ,
                  'noise_level''noise_level': : 0.05,
                  ,
                  'noise_level': 0.05,
 0.5'dataset'}: ,
                  0.05'noise_prob',
                  'noise_prob'{: 'noise_level'0.5: 'box_size'}: 0.05,
                  : 'noise_prob'0.5: }0.5,
 (132, 132, 128),
                  'dataset',
                  'noise_prob': 0.5},
 'dataset'}: ,
 'dataset'{: 'box_size'{: (132, 132, 128)'box_size',
             : 'coarse'(132, 132, 128): ,
             'noise_prob': 'coarse': 0.5{}'box_size',
             False'coarse',
 : 'dataset'(132, 132, 128): ,
             : 'coarse_size'False: ,
 'dataset'{: 'box_size': {(132, 132, 128)'box_size',
 'dataset': {'box_size': (132, 132, 128),
             (64, 64, 64)'coarse_size',
             'coarse'{: False'box_size',
             : 'coarse'(132, 132, 128): ,
             : 'fg_prob'(64, 64, 64): ,
             'coarse': False,
             False'coarse',
             : : 'coarse_size'(132, 132, 128): False,
             0.7'fg_prob',
             ,
             (64, 64, 64)'coarse''coarse_size',
             : 'coarse_size'False: ,
             : 'fold'0.7,
             (64, 64, 64)'coarse_size',
             : : False(64, 64, 64)'fg_prob',
             ,
             'coarse_size': (64, 64, 64),
             : 0'fold',
             : 'coarse_size''fg_prob': 0.7: (64, 64, 64),
             : 'fg_prob': (64, 64, 64)0.7,
             ,
             : 'name'0: ,
             0.7,
             'fold',
             'fg_prob': 0.7,
             'name''SEGTHOR': ,
             : 'fold''fg_prob'0: : ,
             'num_classes''SEGTHOR': ,
             0,
             'fold': 0,
             'fold': 0,
             'name'0.7'name': ,
             'num_classes'5: ,
             : 'SEGTHOR''fold''SEGTHOR',
             5'retains',
             ,
             'name': 'SEGTHOR',
             'name''fg_prob': : 'SEGTHOR'0.7,
             : 'num_classes''num_classes'0: : ,
             ,
             : 'retains'5: ,
             5'shape',
             55'name',
             ,
             'num_classes': 5,
             'num_classes''fold': : 50,
             ,
             : 'retains''retains''SEGTHOR': ,
             5'num_classes': ,
             'retains': 5,
             'shape': : (256, 256)}(256, 256),
 },
             : 5'shape'5: ,
             'retains''name': : 5'SEGTHOR',
             'shape',
             ,
             (256, 256): 'retains'}: (256, 256),
             'shape': (256, 256)},
 }5'eval',
             ,
             'shape''num_classes': : (256, 256)5},
             'retains',
 'eval''eval': : {{'enabled': 'enabled'True: ,
 : 'eval'5: ,
          True'overlap',
 'shape''eval': : : (256, 256){{}'enabled''enabled',
 'eval': {'enabled': True,
          : 'overlap'0.5: ,
 : : 'eval'TrueTrue,
          : ,
          0.5'patient_id',
             'shape'{: 'enabled'(256, 256): },
          'overlap': 0.5,
          : 'patient_id': NoneNone,
          'overlap''overlap': {: 0.50.5,
          ,
 True,
          'postprocess',
          'patient_id': None,
          : 'postprocess': ('lcc26',)('lcc26',),
          'enabled''patient_id''patient_id': : : TrueNoneNone,
          ,
          ,
          ,
          'eval''overlap': : {0.5,
          'postprocess': ('lcc26',),
          'split': 'split': 'val''val',
          'enabled''patient_id': : True,
          'overlap''postprocess''postprocess': : : 0.5('lcc26',)('lcc26',),
          ,
          ,
          None'overlap',
          'split''patient_id',
          'split': 'val',
          : 'postprocess'0.5: ,
          'submission''submission': : FalseFalse,
          : : 'split''val'None: ,
          ,
          ,
          ('lcc26',)'patient_id',
          'val''submission''postprocess',
          : 'split'None: ,
          : : 'submission'False('lcc26',): ,
          'submission': False,
          False,
          'weights''weights': : NoneNone}},
          ,
          'val''postprocess',
 ,
          : 'submission'('lcc26',): ,
          'split''weights''weights': : : 'val'NoneNone,
          'weights': None},
          False'split',
          }}'submission',
 : ,
          : 'weights''val': ,
 'model''model'False: ,
 'model''model': : {{'dropout''dropout': : 0.010.01,
           ,
 'model': {'dropout': 0.01,
          'submission'None}: False,
 ,
          : {'weights'{: 'dropout''dropout': : 0.01None0.01,
           'factor''factor': : 22,
           },
           ,
           'factor',
           'factor': 2,
 'factor': 'model': 2: 2,
           'is_3d''is_3d': : TrueTrue,
           ,
          'model''weights': : None{}'dropout',
           ,
           'is_3d': True,
           'kernels''kernels': : 88,
           'is_3d'{'is_3d': 'dropout': True: True0.01,
           ,
           ,
           ,
 : 0.01,
           'kernels': 8,
           'name''name': : 'UNet3D''UNet3D',
           'kernels''factor''kernels': : 8: 2,
           'temperature',
           8,
           ,
           'name': 'UNet3D',
           'factor''model': : 2{,
           'name''is_3d''name': : 'UNet3D'True,
           : ,
           'temperature': 1.0},
           'temperature''UNet3D''kernels': ,
           'is_3d''dropout': : 0.01,
           'temperature': 1.0},
           True'factor',
           : 1.0'temperature'8}: ,
           ,
           : 'kernels'2: ,
 1.0'name''paths'}: : ,
           8'is_3d',
 'paths': {'data_path': PosixPath('/scratch-local/scur0088.27862929'),
 'UNet3D''paths'{'data_path',
 'paths': {'data_path': PosixPath('/scratch-local/scur0088.27862929'),
           : 'name': True,
           : : 'temperature': PosixPath('/scratch-local/scur0088.27862929'){,
           'results_dir': PosixPath('/home/scur0088/project/results/segthor_3d_cpu_%j')},
           'results_dir': PosixPath('/home/scur0088/project/results/segthor_3d_cpu_%j')},
           1.0'data_path''results_dir': : }PosixPath('/scratch-local/scur0088.27862929'),
           ,
           'UNet3D''kernels': 8,
 'profiler': {'active': 3,
 'paths': 'results_dir'{: 'data_path'PosixPath('/home/scur0088/project/results/segthor_3d_cpu_%j')}: ,
 PosixPath('/scratch-local/scur0088.27862929'),
           'name': 'UNet3D',
           'profiler''results_dir': PosixPath('/home/scur0088/project/results/segthor_3d_cpu_%j')},
 'profiler': {'active': 3,
           'temperature': 1.0},
              PosixPath('/home/scur0088/project/results/segthor_3d_cpu_%j')},
 'profiler': {'active': 3,
              'enabled': False,
 'profiler': {'active': 3,
              'enabled': False,
              'output_dir': None,
              'enabled': False,
              'output_dir': None,
              'profile_memory': False: ,
              'output_dir': None,
              'profile_memory': False,
              'record_shapes'1.0: }False,
              ,
              'profile_memory': False,
              'record_shapes': False,
 'wait''paths': : 1,
              'record_shapes''enabled': False: ,
              'wait': 1,
              False'wait',
              {'warmup''data_path': : 1PosixPath('/scratch-local/scur0088.27862929'),
 ,
              'with_flops',
              'output_dir': : 1None,
              ,
              'warmup': 1,
           : False,
           'temperature': 1.0},
              'warmup''profile_memory': : : 1False{,
              'with_flops': False,
              ,
              'with_modules''results_dir': : FalsePosixPath('/home/scur0088/project/results/segthor_3d_cpu_%j'),
              }'with_stack',
              'with_flops''active''record_shapes': : : False3False,
              ,
              ,
              'with_modules': False,
              'with_modules''enabled''wait': : : False1False,
 : 'profiler'False: },
              ,
              ,
 'paths''paths': : {{'data_path''data_path': PosixPath('/scratch-local/scur0088.27862929'): ,
              'with_stack': False},
           PosixPath('/scratch-local/scur0088.27862929')'results_dir',
              'with_stack''output_dir''warmup': : : FalseNone1},
              ,
              ,
 {'runtime''active': : {3,
           : 'results_dir'PosixPath('/home/scur0088/project/results/segthor_3d_cpu_%j'): },
              'amp_dtype''enabled': 'none': ,
 'profile_memory''with_flops''runtime': : : FalseFalse{,
 PosixPath('/home/scur0088/project/results/segthor_3d_cpu_%j')}'profiler': ,
 'runtime': {'amp_dtype': 'none',
             False'cudnn_benchmark',
              'record_shapes''amp_dtype': ,
              : 'output_dir'False: ,
              : False'none''with_modules',
             'cudnn_benchmark': False,
             None'debug',
              'wait': : False,
             1,
              : 'profile_memory'False: ,
 'profiler'{: {'active''active': : 33,
             False'hd95_in_train',
              'with_stack': 'cudnn_benchmark',
              ,
             'debug': False,
              : 'record_shapes'False: ,
              False: 'warmup'}False: ,
 ,
              'enabled''enabled': : FalseFalse,
             1'debug''runtime',
             'hd95_in_train': False,
              'output_dir',
             False'hd95_interval',
              : : 'with_flops'False: {,
              : 'wait'5: ,
             False'hd95_in_train''amp_dtype',
             'hd95_interval': 5,
              : 'output_dir'None: ,
             1'hd95_num_workers',
              None'profile_memory',
              : : 'with_modules'False: 'none'False,
              : 'warmup'0,
             ,
             'hd95_num_workers': 0,
              'cudnn_benchmark',
              : 'profile_memory'False: ,
             : 'num_threads'1: ,
             'with_stack': 'hd95_interval': False: False,
             'num_threads': 0,
              0'with_flops',
             5}'debug',
              'record_shapes'False: ,
             ,
              False'record_shapes',
             : 'num_workers'False: ,
 : 'hd95_num_workers''runtime'False: : ,
             0'hd95_in_train',
              : 'wait'False: ,
             'num_workers': 8},
              8'with_modules'}: ,
              1,
 False'training',
             {: 'num_threads''amp_dtype': : 0False,
             'none',
             'num_workers',
              'wait''warmup': : 11,
              : 'with_stack': {False},
              'warmup',
             'hd95_interval': 'cudnn_benchmark': : 58,
             }'hd95_num_workers'False,
 : ,
 'training': {'batch_size': 8,
 'batch_size''runtime': : 8{,
              'with_flops': False: ,
             0'debug',
              1'with_modules',
              'batches_per_epoch': 20,
             : 'num_threads'False'training': ,
              : False,
             : 'hd95_in_train'0: ,
              'batches_per_epoch''amp_dtype': : 20'none',
             {False'num_workers',
              'betas': (0.9, 0.999),
              'betas',
              'with_stack': False},
             : 'cudnn_benchmark'(0.9, 0.999): ,
             : 'batch_size''hd95_interval'8: : 8},
              'dice_weight': 1.0,
              False'dice_weight',
              5'batches_per_epoch',
             : 'hd95_num_workers',
             : 'debug'1.0: ,
 : 20'training'0,
              'epochs': 50,
              : ,
 'runtime''with_flops': : False{,
              False'epochs',
             : 'hd95_in_train'50: ,
             'betas''num_threads': : {(0.9, 0.999)0,
             ,
              'gpu': False,
              False'gpu',
              'amp_dtype''with_modules': : False'none',
              ,
             : 'hd95_interval'False: ,
              'batch_size''num_workers''dice_weight': : : 881.0,
              },
              5,
             'with_stack''cudnn_benchmark': : FalseFalse,
              'loss': 'dice_ce',
             }'debug',
              'batches_per_epoch''epochs': ,
 : 50'training'20,
             'loss''hd95_num_workers': : 'dice_ce'0,
              ,
              'lr': 0.0005,
 'runtime': : False{,
             'lr''num_threads': : 0.00050,
              ,
              'mode': 'full',
             'amp_dtype''hd95_in_train': : 'none'False,
             ,
              : {'gpu''batch_size': : 8False,
              ,
              'scheduler': 'cosine',
             'cudnn_benchmark''hd95_interval': : False5,
             'mode''num_workers': : 'full'8},
             ,
              ,
              'batches_per_epoch''loss': : 20'dice_ce',
              ,
              'seed': 42,
 'scheduler''training': : 'cosine',
              'betas''lr': : (0.9, 0.999)0.0005,
             'debug''hd95_num_workers': : False0,
             ,
              ,
              'weight_decay': 0.005},
              'seed'{: 'batch_size'42,
              'dice_weight''mode': : 1.0'full',
             'num_threads''hd95_in_train': 0,
              ,
              : 'weight_decay'8: ,
              0.005'batches_per_epoch'}: ,
              'scheduler''epochs': : 'cosine'50,
              ,
 20'wandb',
             'num_workers': : 8False},
             ,
 'wandb': {'dir': None,
              : 'betas'{: (0.9, 0.999)'dir': ,
              'seed''gpu': False,
 'hd95_interval''training': : 5,
           'entity': 'ai-for-medical-imaging',
              None'dice_weight',
              'loss': : 42,
           : 1.0,
             'hd95_num_workers': {0'batch_size',
           'notes': 'just a test',
             : 8,
           'project': 'SEGTHOR-3D-CPU',
              'epochs': 50,
              'weight_decay': 0.005},
              'batches_per_epoch''num_threads': : 200,
              ,
           'store_artifect': True,
              'gpu': False,
 'wandb': 'dice_ce'{,
             'num_workers''betas': : 8(0.9, 0.999)},
              ,
              'loss': 'dice_ce',
              'dir''lr': : None0.0005,
           ,
 'dice_weight': 'training'1.0: ,
           'watch': False}}
              'mode': 'entity''full': ,
              'lr': 0.0005,
              ,
>>> Setting up to train on SEGTHOR (3D) with full
              'ai-for-medical-imaging''scheduler',
              'epochs': {50,
>> Picked cpu to run experiments
              'mode': 'full',
           : 'notes''betas''cosine': ,
              : 'just a test''seed',
              'batch_size''gpu': : 8False,
              ,
           : (0.9, 0.999)'project'42,
              'scheduler': 'cosine',
              : ,
              'SEGTHOR-3D-CPU''dice_weight''weight_decay',
              'seed': 42,
           : : 'store_artifect'1.0: True,
              'batches_per_epoch''loss': : 20'dice_ce',
              0.005'epochs'}: ,
              'lr',
 ,
              : 'betas'0.0005: ,
              'weight_decay': 0.005},
              (0.9, 0.999)'mode',
           'wandb''watch': : {50False'dir',
              : 'dice_weight''full',
              : 'gpu'}: }FalseNone,
              
              : 'scheduler'1.0: 'cosine',
              ,
,
 'wandb': {'dir': None,
           'loss'>>> Setting up to train on SEGTHOR (3D) with full'entity': 
: 'dice_ce''ai-for-medical-imaging',
              'epochs''seed': : 50,
              42,
              >> Picked cpu to run experiments,
           'lr'
           'entity': 'ai-for-medical-imaging',
'notes': : 0.0005'just a test',
              'gpu''weight_decay': : False0.005,
              'mode',
           'notes': 'just a test',
              }'loss',
           : 'project': 'full''SEGTHOR-3D-CPU',
              ,
           'project''entity': 'SEGTHOR-3D-CPU',
 : 'wandb''dice_ce': ,
           'store_artifect': 'scheduler'True: ,
           : 'store_artifect''ai-for-medical-imaging': ,
           'cosine''watch',
              'lr'{: 'dir'0.0005: ,
           'notes'True,
              None'mode',
              : False}'seed'}: 
           : 'entity''full': ,
42>>> Setting up to train on SEGTHOR (3D) with full,
              'ai-for-medical-imaging',
           'watch': : False'just a test'},
              
           }'project'
           'notes''scheduler': : 'just a test''cosine',
: 'SEGTHOR-3D-CPU'>>> Setting up to train on SEGTHOR (3D) with full,
           
           ,
'weight_decay': >> Picked cpu to run experiments
'store_artifect': >> Picked cpu to run experimentsTrue,
           
0.005},
              'project''seed': : 'SEGTHOR-3D-CPU',
           'store_artifect'42,
              : 'weight_decay'True,
'watch': False}}
           : 'watch'0.005: }False,
 'wandb': {'dir': None,
>>> Setting up to train on SEGTHOR (3D) with full
 'wandb'}: }
           'entity': 'ai-for-medical-imaging',
>> Picked cpu to run experiments
{>>> Setting up to train on SEGTHOR (3D) with full'dir': 
None,
           'notes': 'just a test',
           >> Picked cpu to run experiments'entity': 
'ai-for-medical-imaging',
           'project': 'SEGTHOR-3D-CPU',
           'notes': 'just a test',
           'store_artifect': True,
           'watch': False}}
           'project': 'SEGTHOR-3D-CPU',
>>> Setting up to train on SEGTHOR (3D) with full
>> Picked cpu to run experiments
           'store_artifect': True,
           'watch': False}}
>>> Setting up to train on SEGTHOR (3D) with full
>> Picked cpu to run experiments
{'augmentation': {'contrast_prob': 0.0,
                  'contrast_range': (0.8, 1.25),
                  'enabled': False,
                  'gamma_prob': 0.0,
                  'gamma_range': (0.7, 1.5),
                  'noise_level': 0.05,
                  'noise_prob': 0.5},
 'dataset': {'box_size': (132, 132, 128),
             'coarse': False,
             'coarse_size': (64, 64, 64),
             'fg_prob': 0.7,
             'fold': 0,
             'name': 'SEGTHOR',
             'num_classes': 5,
             'retains': 5,
             'shape': (256, 256)},
 'eval': {'enabled': True,
          'overlap': 0.5,
          'patient_id': None,
          'postprocess': ('lcc26',),
          'split': 'val',
          'submission': False,
          'weights': None},
 'model': {'dropout': 0.01,
           'factor': 2,
           'is_3d': True,
           'kernels': 8,
           'name': 'UNet3D',
           'temperature': 1.0},
 'paths': {'data_path': PosixPath('/scratch-local/scur0088.27862929'),
           'results_dir': PosixPath('/home/scur0088/project/results/segthor_3d_cpu_%j')},
 'profiler': {'active': 3,
              'enabled': False,
              'output_dir': None,
              'profile_memory': False,
              'record_shapes': False,
              'wait': 1,
              'warmup': 1,
              'with_flops': False,
              'with_modules': False,
              'with_stack': False},
 'runtime': {'amp_dtype': 'none',
             'cudnn_benchmark': False,
             'debug': False,
             'hd95_in_train': False,
             'hd95_interval': 5,
             'hd95_num_workers': 0,
             'num_threads': 0,
             'num_workers': 8},
 'training': {'batch_size': 8,
              'batches_per_epoch': 20,
              'betas': (0.9, 0.999),
              'dice_weight': 1.0,
              'epochs': 50,
              'gpu': False,
              'loss': 'dice_ce',
              'lr': 0.0005,
              'mode': 'full',
              'scheduler': 'cosine',
              'seed': 42,
              'weight_decay': 0.005},
 'wandb': {'dir': None,
           'entity': 'ai-for-medical-imaging',
           'notes': 'just a test',
           'project': 'SEGTHOR-3D-CPU',
           'store_artifect': True,
           'watch': False}}
>>> Setting up to train on SEGTHOR (3D) with full
>> Picked cpu to run experiments
wandb: setting up run 89jk8nck
wandb: Tracking run with wandb version 0.30.0
wandb: Run data is saved locally in /gpfs/home3/scur0088/project/results/wandb/wandb/run-20261011_031654-89jk8nck
wandb: Run `wandb offline` to turn off syncing.
wandb: Syncing run stellar-silence-20
wandb: ⭐️ View project at https://wandb.ai/ai-for-medical-imaging/SEGTHOR-3D-CPU
wandb: 🚀 View run at https://wandb.ai/ai-for-medical-imaging/SEGTHOR-3D-CPU/runs/89jk8nck
wandb: Tracking run with wandb version 0.30.0
wandb: Run data is saved locally in /gpfs/home3/scur0088/project/results/wandb/wandb/run-20261011_031654-6hou3w4a
wandb: Run `wandb offline` to turn off syncing.
wandb: Syncing run smooth-capybara-19
wandb: ⭐️ View project at https://wandb.ai/ai-for-medical-imaging/SEGTHOR-3D-CPU
wandb: 🚀 View run at https://wandb.ai/ai-for-medical-imaging/SEGTHOR-3D-CPU/runs/6hou3w4a
wandb: Tracking run with wandb version 0.30.0
wandb: Run data is saved locally in /gpfs/home3/scur0088/project/results/wandb/wandb/run-20261011_031654-tf2d1g5c
wandb: Run `wandb offline` to turn off syncing.
wandb: Syncing run hearty-lake-21
wandb: ⭐️ View project at https://wandb.ai/ai-for-medical-imaging/SEGTHOR-3D-CPU
wandb: 🚀 View run at https://wandb.ai/ai-for-medical-imaging/SEGTHOR-3D-CPU/runs/tf2d1g5c
{'augmentation': {'contrast_prob': 0.0,
                  'contrast_range': (0.8, 1.25),
                  'enabled': False,
                  'gamma_prob': 0.0,
                  'gamma_range': (0.7, 1.5),
                  'noise_level': 0.05,
                  'noise_prob': 0.5},
 'dataset': {'box_size': (132, 132, 128),
             'coarse': False,
             'coarse_size': (64, 64, 64),
             'fg_prob': 0.7,
             'fold': 0,
             'name': 'SEGTHOR',
             'num_classes': 5,
             'retains': 5,
             'shape': (256, 256)},
 'eval': {'enabled': True,
          'overlap': 0.5,
          'patient_id': None,
          'postprocess': ('lcc26',),
          'split': 'val',
          'submission': False,
          'weights': None},
 'model': {'dropout': 0.01,
           'factor': 2,
           'is_3d': True,
           'kernels': 8,
           'name': 'UNet3D',
           'temperature': 1.0},
 'paths': {'data_path': PosixPath('/scratch-local/scur0088.27862929'),
           'results_dir': PosixPath('/home/scur0088/project/results/segthor_3d_cpu_%j')},
 'profiler': {'active': 3,
              'enabled': False,
              'output_dir': None,
              'profile_memory': False,
              'record_shapes': False,
              'wait': 1,
              'warmup': 1,
              'with_flops': False,
              'with_modules': False,
              'with_stack': False},
 'runtime': {'amp_dtype': 'none',
             'cudnn_benchmark': False,
             'debug': False,
             'hd95_in_train': False,
             'hd95_interval': 5,
             'hd95_num_workers': 0,
             'num_threads': 0,
             'num_workers': 8},
 'training': {'batch_size': 8,
              'batches_per_epoch': 20,
              'betas': (0.9, 0.999),
              'dice_weight': 1.0,
              'epochs': 50,
              'gpu': False,
              'loss': 'dice_ce',
              'lr': 0.0005,
              'mode': 'full',
              'scheduler': 'cosine',
              'seed': 42,
              'weight_decay': 0.005},
 'wandb': {'dir': None,
           'entity': 'ai-for-medical-imaging',
           'notes': 'just a test',
           'project': 'SEGTHOR-3D-CPU',
           'store_artifect': True,
           'watch': False}}
>>> Setting up to train on SEGTHOR (3D) with full
>> Picked cpu to run experiments
{'augmentation': {'contrast_prob': 0.0,
                  'contrast_range': (0.8, 1.25),
                  'enabled': False,
                  'gamma_prob': 0.0,
                  'gamma_range': (0.7, 1.5),
                  'noise_level': 0.05,
                  'noise_prob': 0.5},
 'dataset': {'box_size': (132, 132, 128),
             'coarse': False,
             'coarse_size': (64, 64, 64),
             'fg_prob': 0.7,
             'fold': 0,
             'name': 'SEGTHOR',
             'num_classes': 5,
             'retains': 5,
             'shape': (256, 256)},
 'eval': {'enabled': True,
          'overlap': 0.5,
          'patient_id': None,
          'postprocess': ('lcc26',),
          'split': 'val',
          'submission': False,
          'weights': None},
 'model': {'dropout': 0.01,
           'factor': 2,
           'is_3d': True,
           'kernels': 8,
           'name': 'UNet3D',
           'temperature': 1.0},
 'paths': {'data_path': PosixPath('/scratch-local/scur0088.27862929'),
           'results_dir': PosixPath('/home/scur0088/project/results/segthor_3d_cpu_%j')},
 'profiler': {'active': 3,
              'enabled': False,
              'output_dir': None,
              'profile_memory': False,
              'record_shapes': False,
              'wait': 1,
              'warmup': 1,
              'with_flops': False,
              'with_modules': False,
              'with_stack': False},
 'runtime': {'amp_dtype': 'none',
wandb: setting up run zljm1r7v
             'cudnn_benchmark': False,
             'debug': False,
             'hd95_in_train': False,
             'hd95_interval': 5,
             'hd95_num_workers': 0,
             'num_threads': 0,
             'num_workers': 8},
 'training': {'batch_size': 8,
              'batches_per_epoch': 20,
              'betas': (0.9, 0.999),
              'dice_weight': 1.0,
              'epochs': 50,
              'gpu': False,
              'loss': 'dice_ce',
              'lr': 0.0005,
              'mode': 'full',
              'scheduler': 'cosine',
              'seed': 42,
              'weight_decay': 0.005},
 'wandb': {'dir': None,
           'entity': 'ai-for-medical-imaging',
           'notes': 'just a test',
           'project': 'SEGTHOR-3D-CPU',
           'store_artifect': True,
           'watch': False}}
>>> Setting up to train on SEGTHOR (3D) with full
>> Picked cpu to run experiments
{'augmentation': {'contrast_prob': 0.0,
                  'contrast_range': (0.8, 1.25),
                  'enabled': False,
                  'gamma_prob': 0.0,
                  'gamma_range': (0.7, 1.5),
                  'noise_level': 0.05,
                  'noise_prob': 0.5},
 'dataset': {'box_size': (132, 132, 128),
             'coarse': False,
             'coarse_size': (64, 64, 64),
             'fg_prob': 0.7,
             'fold': 0,
             'name': 'SEGTHOR',
             'num_classes': 5,
             'retains': 5,
             'shape': (256, 256)},
 'eval': {'enabled': True,
          'overlap': 0.5,
          'patient_id': None,
          'postprocess': ('lcc26',),
          'split': 'val',
          'submission': False,
          'weights': None},
 'model': {'dropout': 0.01,
           'factor': 2,
           'is_3d': True,
           'kernels': 8,
           'name': 'UNet3D',
           'temperature': 1.0},
 'paths': {'data_path': PosixPath('/scratch-local/scur0088.27862929'),
           'results_dir': PosixPath('/home/scur0088/project/results/segthor_3d_cpu_%j')},
 'profiler': {'active': 3,
              'enabled': False,
              'output_dir': None,
              'profile_memory': False,
              'record_shapes': False,
              'wait': 1,
              'warmup': 1,
              'with_flops': False,
              'with_modules': False,
              'with_stack': False},
 'runtime': {'amp_dtype': 'none',
             'cudnn_benchmark': False,
             'debug': False,
             'hd95_in_train': False,
             'hd95_interval': 5,
             'hd95_num_workers': 0,
             'num_threads': 0,
             'num_workers': 8},
 'training': {'batch_size': 8,
              'batches_per_epoch': 20,
              'betas': (0.9, 0.999),
              'dice_weight': 1.0,
              'epochs': 50,
              'gpu': False,
              'loss': 'dice_ce',
              'lr': 0.0005,
              'mode': 'full',
              'scheduler': 'cosine',
              'seed': 42,
              'weight_decay': 0.005},
 'wandb': {'dir': None,
           'entity': 'ai-for-medical-imaging',
           'notes': 'just a test',
           'project': 'SEGTHOR-3D-CPU',
           'store_artifect': True,
           'watch': False}}
>>> Setting up to train on SEGTHOR (3D) with full
>> Picked cpu to run experiments
wandb: Tracking run with wandb version 0.30.0
wandb: Run data is saved locally in /gpfs/home3/scur0088/project/results/wandb/wandb/run-20261011_031654-yk3cw1jv
wandb: Run `wandb offline` to turn off syncing.
wandb: Syncing run classic-terrain-22
wandb: ⭐️ View project at https://wandb.ai/ai-for-medical-imaging/SEGTHOR-3D-CPU
wandb: 🚀 View run at https://wandb.ai/ai-for-medical-imaging/SEGTHOR-3D-CPU/runs/yk3cw1jv
wandb: Tracking run with wandb version 0.30.0
wandb: Run data is saved locally in /gpfs/home3/scur0088/project/results/wandb/wandb/run-20261011_031654-sqm19ubn
wandb: Run `wandb offline` to turn off syncing.
wandb: Syncing run revived-snowball-23
wandb: ⭐️ View project at https://wandb.ai/ai-for-medical-imaging/SEGTHOR-3D-CPU
wandb: 🚀 View run at https://wandb.ai/ai-for-medical-imaging/SEGTHOR-3D-CPU/runs/sqm19ubn
{'augmentation': {'contrast_prob': 0.0,
                  'contrast_range': (0.8, 1.25),
                  'enabled': False,
                  'gamma_prob': 0.0,
                  'gamma_range': (0.7, 1.5),
                  'noise_level': 0.05,
                  'noise_prob': 0.5},
 'dataset': {'box_size': (132, 132, 128),
             'coarse': False,
             'coarse_size': (64, 64, 64),
             'fg_prob': 0.7,
             'fold': 0,
             'name': 'SEGTHOR',
             'num_classes': 5,
             'retains': 5,
             'shape': (256, 256)},
 'eval': {'enabled': True,
          'overlap': 0.5,
          'patient_id': None,
          'postprocess': ('lcc26',),
          'split': 'val',
          'submission': False,
          'weights': None},
 'model': {'dropout': 0.01,
           'factor': 2,
           'is_3d': True,
           'kernels': 8,
           'name': 'UNet3D',
           'temperature': 1.0},
 'paths': {'data_path': PosixPath('/scratch-local/scur0088.27862929'),
           'results_dir': PosixPath('/home/scur0088/project/results/segthor_3d_cpu_%j')},
 'profiler': {'active': 3,
              'enabled': False,
              'output_dir': None,
              'profile_memory': False,
              'record_shapes': False,
              'wait': 1,
              'warmup': 1,
              'with_flops': False,
              'with_modules': False,
              'with_stack': False},
 'runtime': {'amp_dtype': 'none',
             'cudnn_benchmark': False,
             'debug': False,
             'hd95_in_train': False,
             'hd95_interval': 5,
             'hd95_num_workers': 0,
             'num_threads': 0,
             'num_workers': 8},
 'training': {'batch_size': 8,
              'batches_per_epoch': 20,
              'betas': (0.9, 0.999),
              'dice_weight': 1.0,
              'epochs': 50,
              'gpu': False,
              'loss': 'dice_ce',
              'lr': 0.0005,
              'mode': 'full',
              'scheduler': 'cosine',
              'seed': 42,
              'weight_decay': 0.005},
 'wandb': {'dir': None,
           'entity': 'ai-for-medical-imaging',
           'notes': 'just a test',
           'project': 'SEGTHOR-3D-CPU',
           'store_artifect': True,
           'watch': False}}
>>> Setting up to train on SEGTHOR (3D) with full
>> Picked cpu to run experiments
{'augmentation': {'contrast_prob': 0.0,
                  'contrast_range': (0.8, 1.25),
                  'enabled': False,
                  'gamma_prob': 0.0,
                  'gamma_range': (0.7, 1.5),
                  'noise_level': 0.05,
                  'noise_prob': 0.5},
 'dataset': {'box_size': (132, 132, 128),
             'coarse': False,
             'coarse_size': (64, 64, 64),
             'fg_prob': 0.7,
             'fold': 0,
             'name': 'SEGTHOR',
             'num_classes': 5,
             'retains': 5,
             'shape': (256, 256)},
 'eval': {'enabled': True,
          'overlap': 0.5,
          'patient_id': None,
          'postprocess': ('lcc26',),
          'split': 'val',
          'submission': False,
          'weights': None},
 'model': {'dropout': 0.01,
           'factor': 2,
           'is_3d': True,
           'kernels': 8,
           'name': 'UNet3D',
           'temperature': 1.0},
 'paths': {'data_path': PosixPath('/scratch-local/scur0088.27862929'),
           'results_dir': PosixPath('/home/scur0088/project/results/segthor_3d_cpu_%j')},
 'profiler': {'active': 3,
              'enabled': False,
              'output_dir': None,
              'profile_memory': False,
              'record_shapes': False,
              'wait': 1,
              'warmup': 1,
              'with_flops': False,
              'with_modules': False,
              'with_stack': False},
 'runtime': {'amp_dtype': 'none',
             'cudnn_benchmark': False,
             'debug': False,
             'hd95_in_train': False,
             'hd95_interval': 5,
             'hd95_num_workers': 0,
             'num_threads': 0,
             'num_workers': 8},
 'training': {'batch_size': 8,
              'batches_per_epoch': 20,
              'betas': (0.9, 0.999),
              'dice_weight': 1.0,
              'epochs': 50,
              'gpu': False,
              'loss': 'dice_ce',
              'lr': 0.0005,
              'mode': 'full',
              'scheduler': 'cosine',
              'seed': 42,
              'weight_decay': 0.005},
 'wandb': {'dir': None,
           'entity': 'ai-for-medical-imaging',
           'notes': 'just a test',
           'project': 'SEGTHOR-3D-CPU',
           'store_artifect': True,
           'watch': False}}
>>> Setting up to train on SEGTHOR (3D) with full
>> Picked cpu to run experiments
wandb: Tracking run with wandb version 0.30.0
wandb: Run data is saved locally in /gpfs/home3/scur0088/project/results/wandb/wandb/run-20261011_031654-me7ftksj
wandb: Run `wandb offline` to turn off syncing.
wandb: Syncing run warm-sponge-24
wandb: ⭐️ View project at https://wandb.ai/ai-for-medical-imaging/SEGTHOR-3D-CPU
wandb: 🚀 View run at https://wandb.ai/ai-for-medical-imaging/SEGTHOR-3D-CPU/runs/me7ftksj
{'augmentation': {'contrast_prob': 0.0,
                  'contrast_range': (0.8, 1.25),
                  'enabled': False,
                  'gamma_prob': 0.0,
                  'gamma_range': (0.7, 1.5),
                  'noise_level': 0.05,
                  'noise_prob': 0.5},
 'dataset': {'box_size': (132, 132, 128),
             'coarse': False,
             'coarse_size': (64, 64, 64),
             'fg_prob': 0.7,
             'fold': 0,
             'name': 'SEGTHOR',
             'num_classes': 5,
             'retains': 5,
             'shape': (256, 256)},
 'eval': {'enabled': True,
          'overlap': 0.5,
          'patient_id': None,
          'postprocess': ('lcc26',),
          'split': 'val',
          'submission': False,
          'weights': None},
 'model': {'dropout': 0.01,
           'factor': 2,
           'is_3d': True,
           'kernels': 8,
           'name': 'UNet3D',
           'temperature': 1.0},
 'paths': {'data_path': PosixPath('/scratch-local/scur0088.27862929'),
           'results_dir': PosixPath('/home/scur0088/project/results/segthor_3d_cpu_%j')},
 'profiler': {'active': 3,
              'enabled': False,
              'output_dir': None,
              'profile_memory': False,
              'record_shapes': False,
              'wait': 1,
              'warmup': 1,
              'with_flops': False,
              'with_modules': False,
              'with_stack': False},
 'runtime': {'amp_dtype': 'none',
             'cudnn_benchmark': False,
             'debug': False,
             'hd95_in_train': False,
             'hd95_interval': 5,
             'hd95_num_workers': 0,
             'num_threads': 0,
             'num_workers': 8},
 'training': {'batch_size': 8,
              'batches_per_epoch': 20,
              'betas': (0.9, 0.999),
              'dice_weight': 1.0,
              'epochs': 50,
              'gpu': False,
              'loss': 'dice_ce',
              'lr': 0.0005,
              'mode': 'full',
              'scheduler': 'cosine',
              'seed': 42,
              'weight_decay': 0.005},
 'wandb': {'dir': None,
           'entity': 'ai-for-medical-imaging',
           'notes': 'just a test',
           'project': 'SEGTHOR-3D-CPU',
           'store_artifect': True,
           'watch': False}}
>>> Setting up to train on SEGTHOR (3D) with full
>> Picked cpu to run experiments
wandb: Tracking run with wandb version 0.30.0
wandb: Run data is saved locally in /gpfs/home3/scur0088/project/results/wandb/wandb/run-20261011_031654-zljm1r7v
wandb: Run `wandb offline` to turn off syncing.
wandb: Syncing run prime-shadow-25
wandb: ⭐️ View project at https://wandb.ai/ai-for-medical-imaging/SEGTHOR-3D-CPU
wandb: 🚀 View run at https://wandb.ai/ai-for-medical-imaging/SEGTHOR-3D-CPU/runs/zljm1r7v
{'augmentation': {'contrast_prob': 0.0,
                  'contrast_range': (0.8, 1.25),
                  'enabled': False,
                  'gamma_prob': 0.0,
                  'gamma_range': (0.7, 1.5),
                  'noise_level': 0.05,
                  'noise_prob': 0.5},
 'dataset': {'box_size': (132, 132, 128),
             'coarse': False,
             'coarse_size': (64, 64, 64),
             'fg_prob': 0.7,
             'fold': 0,
             'name': 'SEGTHOR',
             'num_classes': 5,
             'retains': 5,
             'shape': (256, 256)},
 'eval': {'enabled': True,
          'overlap': 0.5,
          'patient_id': None,
          'postprocess': ('lcc26',),
          'split': 'val',
          'submission': False,
          'weights': None},
 'model': {'dropout': 0.01,
           'factor': 2,
           'is_3d': True,
           'kernels': 8,
           'name': 'UNet3D',
           'temperature': 1.0},
 'paths': {'data_path': PosixPath('/scratch-local/scur0088.27862929'),
           'results_dir': PosixPath('/home/scur0088/project/results/segthor_3d_cpu_%j')},
 'profiler': {'active': 3,
              'enabled': False,
              'output_dir': None,
              'profile_memory': False,
              'record_shapes': False,
              'wait': 1,
              'warmup': 1,
              'with_flops': False,
              'with_modules': False,
              'with_stack': False},
 'runtime': {'amp_dtype': 'none',
             'cudnn_benchmark': False,
             'debug': False,
             'hd95_in_train': False,
             'hd95_interval': 5,
             'hd95_num_workers': 0,
             'num_threads': 0,
             'num_workers': 8},
 'training': {'batch_size': 8,
              'batches_per_epoch': 20,
              'betas': (0.9, 0.999),
              'dice_weight': 1.0,
              'epochs': 50,
              'gpu': False,
              'loss': 'dice_ce',
              'lr': 0.0005,
              'mode': 'full',
              'scheduler': 'cosine',
              'seed': 42,
              'weight_decay': 0.005},
 'wandb': {'dir': None,
           'entity': 'ai-for-medical-imaging',
           'notes': 'just a test',
           'project': 'SEGTHOR-3D-CPU',
           'store_artifect': True,
           'watch': False}}
>>> Setting up to train on SEGTHOR (3D) with full
>> Picked cpu to run experiments
Successfully matched 30 3D patient volumes between images and GT.
Successfully matched 30 3D patient volumes between images and GT.Successfully matched 30 3D patient volumes between images and GT.
Successfully matched 30 3D patient volumes between images and GT.
Successfully matched 30 3D patient volumes between images and GT.
Successfully matched 30 3D patient volumes between images and GT.

Successfully matched 30 3D patient volumes between images and GT.Successfully matched 30 3D patient volumes between images and GT.Successfully matched 30 3D patient volumes between images and GT.
Successfully matched 30 3D patient volumes between images and GT.
Successfully matched 30 3D patient volumes between images and GT.
Successfully matched 30 3D patient volumes between images and GT.Successfully matched 30 3D patient volumes between images and GT.Successfully matched 30 3D patient volumes between images and GT.




Successfully matched 30 3D patient volumes between images and GT.
Successfully matched 30 3D patient volumes between images and GT.
>> Created train dataset with 30 3D patient volumes.
   Loaded all slices into RAM: 715 MB (img uint8 + gt).
   Sub-box size: (132, 132, 128), foreground probability: 0.70
>> Created train dataset with 30 3D patient volumes.
   Loaded all slices into RAM: 715 MB (img uint8 + gt).>> Created train dataset with 30 3D patient volumes.
   Sub-box size: (132, 132, 128), foreground probability: 0.70

>> Created train dataset with 30 3D patient volumes.>> Created train dataset with 30 3D patient volumes.

   Loaded all slices into RAM: 715 MB (img uint8 + gt).
   Sub-box size: (132, 132, 128), foreground probability: 0.70
   Loaded all slices into RAM: 715 MB (img uint8 + gt).>> Created train dataset with 30 3D patient volumes.   Loaded all slices into RAM: 715 MB (img uint8 + gt).

   Sub-box size: (132, 132, 128), foreground probability: 0.70
   Sub-box size: (132, 132, 128), foreground probability: 0.70

>> Created train dataset with 30 3D patient volumes.>> Created train dataset with 30 3D patient volumes.>> Created train dataset with 30 3D patient volumes.
   Loaded all slices into RAM: 715 MB (img uint8 + gt).

   Loaded all slices into RAM: 715 MB (img uint8 + gt).   Loaded all slices into RAM: 715 MB (img uint8 + gt).
>> Created train dataset with 30 3D patient volumes.
   Sub-box size: (132, 132, 128), foreground probability: 0.70
   Sub-box size: (132, 132, 128), foreground probability: 0.70
   Sub-box size: (132, 132, 128), foreground probability: 0.70
   Loaded all slices into RAM: 715 MB (img uint8 + gt).

>> Created train dataset with 30 3D patient volumes.   Sub-box size: (132, 132, 128), foreground probability: 0.70
   Loaded all slices into RAM: 715 MB (img uint8 + gt).

   Sub-box size: (132, 132, 128), foreground probability: 0.70
>> Created train dataset with 30 3D patient volumes.>> Created train dataset with 30 3D patient volumes.
>> Created train dataset with 30 3D patient volumes.
   Loaded all slices into RAM: 715 MB (img uint8 + gt).

   Loaded all slices into RAM: 715 MB (img uint8 + gt).   Sub-box size: (132, 132, 128), foreground probability: 0.70

   Loaded all slices into RAM: 715 MB (img uint8 + gt).
   Sub-box size: (132, 132, 128), foreground probability: 0.70

>> Created train dataset with 30 3D patient volumes.>> Created train dataset with 30 3D patient volumes.
   Sub-box size: (132, 132, 128), foreground probability: 0.70
   Loaded all slices into RAM: 715 MB (img uint8 + gt).
   Loaded all slices into RAM: 715 MB (img uint8 + gt).
   Sub-box size: (132, 132, 128), foreground probability: 0.70

   Loaded all slices into RAM: 715 MB (img uint8 + gt).
   Sub-box size: (132, 132, 128), foreground probability: 0.70
   Sub-box size: (132, 132, 128), foreground probability: 0.70
Successfully matched 10 3D patient volumes between images and GT.Successfully matched 10 3D patient volumes between images and GT.Successfully matched 10 3D patient volumes between images and GT.Successfully matched 10 3D patient volumes between images and GT.
Successfully matched 10 3D patient volumes between images and GT.Successfully matched 10 3D patient volumes between images and GT.

Successfully matched 10 3D patient volumes between images and GT.Successfully matched 10 3D patient volumes between images and GT.



Successfully matched 10 3D patient volumes between images and GT.
Successfully matched 10 3D patient volumes between images and GT.

Successfully matched 10 3D patient volumes between images and GT.Successfully matched 10 3D patient volumes between images and GT.

Successfully matched 10 3D patient volumes between images and GT.Successfully matched 10 3D patient volumes between images and GT.
Successfully matched 10 3D patient volumes between images and GT.

Successfully matched 10 3D patient volumes between images and GT.
>> Created val dataset with 10 3D patient volumes.
   Loaded all slices into RAM: 258 MB (img uint8 + gt).
   Sub-box size: (132, 132, 128), foreground probability: 0.00
   Grid: overlap 50%, 216 boxes from 10 patients
>> Created val dataset with 10 3D patient volumes.
   Loaded all slices into RAM: 258 MB (img uint8 + gt).
   Sub-box size: (132, 132, 128), foreground probability: 0.00
   Grid: overlap 50%, 216 boxes from 10 patients
>> Created val dataset with 10 3D patient volumes.
>> Created val dataset with 10 3D patient volumes.
   Loaded all slices into RAM: 258 MB (img uint8 + gt).>> Created val dataset with 10 3D patient volumes.
   Loaded all slices into RAM: 258 MB (img uint8 + gt).
   Sub-box size: (132, 132, 128), foreground probability: 0.00

   Sub-box size: (132, 132, 128), foreground probability: 0.00
   Grid: overlap 50%, 216 boxes from 10 patients
   Loaded all slices into RAM: 258 MB (img uint8 + gt).
>> Created val dataset with 10 3D patient volumes.   Grid: overlap 50%, 216 boxes from 10 patients
   Sub-box size: (132, 132, 128), foreground probability: 0.00
>> Created val dataset with 10 3D patient volumes.>> Created val dataset with 10 3D patient volumes.

   Loaded all slices into RAM: 258 MB (img uint8 + gt).
   Loaded all slices into RAM: 258 MB (img uint8 + gt).
   Grid: overlap 50%, 216 boxes from 10 patients

   Sub-box size: (132, 132, 128), foreground probability: 0.00
   Loaded all slices into RAM: 258 MB (img uint8 + gt).   Sub-box size: (132, 132, 128), foreground probability: 0.00

   Sub-box size: (132, 132, 128), foreground probability: 0.00
   Grid: overlap 50%, 216 boxes from 10 patients
>> Created val dataset with 10 3D patient volumes.
   Grid: overlap 50%, 216 boxes from 10 patients
   Grid: overlap 50%, 216 boxes from 10 patients
   Loaded all slices into RAM: 258 MB (img uint8 + gt).
   Sub-box size: (132, 132, 128), foreground probability: 0.00
>> Created val dataset with 10 3D patient volumes.
   Grid: overlap 50%, 216 boxes from 10 patients
>> Created val dataset with 10 3D patient volumes.>> Created val dataset with 10 3D patient volumes.

   Loaded all slices into RAM: 258 MB (img uint8 + gt).
   Sub-box size: (132, 132, 128), foreground probability: 0.00
   Loaded all slices into RAM: 258 MB (img uint8 + gt).
   Sub-box size: (132, 132, 128), foreground probability: 0.00   Loaded all slices into RAM: 258 MB (img uint8 + gt).
   Grid: overlap 50%, 216 boxes from 10 patients

   Sub-box size: (132, 132, 128), foreground probability: 0.00
   Grid: overlap 50%, 216 boxes from 10 patients
>> Created val dataset with 10 3D patient volumes.>> Created val dataset with 10 3D patient volumes.

   Grid: overlap 50%, 216 boxes from 10 patients
   Loaded all slices into RAM: 258 MB (img uint8 + gt).   Loaded all slices into RAM: 258 MB (img uint8 + gt).

   Sub-box size: (132, 132, 128), foreground probability: 0.00   Sub-box size: (132, 132, 128), foreground probability: 0.00

>> Created val dataset with 10 3D patient volumes.>> Created val dataset with 10 3D patient volumes.

   Grid: overlap 50%, 216 boxes from 10 patients   Grid: overlap 50%, 216 boxes from 10 patients

   Loaded all slices into RAM: 258 MB (img uint8 + gt).
   Sub-box size: (132, 132, 128), foreground probability: 0.00   Loaded all slices into RAM: 258 MB (img uint8 + gt).

   Sub-box size: (132, 132, 128), foreground probability: 0.00
   Grid: overlap 50%, 216 boxes from 10 patients   Grid: overlap 50%, 216 boxes from 10 patients

wandb: Generating checksum for up to 10000000 files in '/scratch-local/scur0088.27862929/SEGTHOR'... wandb: Generating checksum for up to 10000000 files in '/scratch-local/scur0088.27862929/SEGTHOR'... wandb: Generating checksum for up to 10000000 files in '/scratch-local/scur0088.27862929/SEGTHOR'... wandb: Generating checksum for up to 10000000 files in '/scratch-local/scur0088.27862929/SEGTHOR'... Done. 4.2s
Done. 4.2s
wandb: Generating checksum for up to 10000000 files in '/scratch-local/scur0088.27862929/SEGTHOR'... wandb: Generating checksum for up to 10000000 files in '/scratch-local/scur0088.27862929/SEGTHOR'... wandb: Generating checksum for up to 10000000 files in '/scratch-local/scur0088.27862929/SEGTHOR'... wandb: Generating checksum for up to 10000000 files in '/scratch-local/scur0088.27862929/SEGTHOR'... Done. 4.2s
Done. 4.2s
Done. 4.2s
Done. 4.2s
Done. 4.2s
wandb: Generating checksum for up to 10000000 files in '/scratch-local/scur0088.27862929/SEGTHOR'... wandb: Generating checksum for up to 10000000 files in '/scratch-local/scur0088.27862929/SEGTHOR'... wandb: Generating checksum for up to 10000000 files in '/scratch-local/scur0088.27862929/SEGTHOR'... wandb: Generating checksum for up to 10000000 files in '/scratch-local/scur0088.27862929/SEGTHOR'... Done. 4.2s
Done. 4.2s
wandb: Generating checksum for up to 10000000 files in '/scratch-local/scur0088.27862929/SEGTHOR'... wandb: Generating checksum for up to 10000000 files in '/scratch-local/scur0088.27862929/SEGTHOR'... wandb: Generating checksum for up to 10000000 files in '/scratch-local/scur0088.27862929/SEGTHOR'... wandb: Generating checksum for up to 10000000 files in '/scratch-local/scur0088.27862929/SEGTHOR'... Done. 4.2s
Done. 4.2s
Done. 4.2s
Done. 4.2s
Done. 4.2s
Done. 4.2s
Done. 4.3s
Initialized CrossEntropy with {'idk': [0, 1, 2, 3, 4]}
Initialized DiceLoss with idk=[1, 2, 3, 4], is_3d=True
Initialized CrossEntropy with {'idk': [0, 1, 2, 3, 4]}
Initialized DiceLoss with idk=[1, 2, 3, 4], is_3d=True
Initialized CrossEntropy with {'idk': [0, 1, 2, 3, 4]}
Initialized DiceLoss with idk=[1, 2, 3, 4], is_3d=True
Initialized CrossEntropy with {'idk': [0, 1, 2, 3, 4]}
Initialized DiceLoss with idk=[1, 2, 3, 4], is_3d=True
Initialized CrossEntropy with {'idk': [0, 1, 2, 3, 4]}
Initialized DiceLoss with idk=[1, 2, 3, 4], is_3d=True
Initialized CrossEntropy with {'idk': [0, 1, 2, 3, 4]}
Initialized DiceLoss with idk=[1, 2, 3, 4], is_3d=True
Initialized CrossEntropy with {'idk': [0, 1, 2, 3, 4]}
Initialized DiceLoss with idk=[1, 2, 3, 4], is_3d=True
Initialized CrossEntropy with {'idk': [0, 1, 2, 3, 4]}
Initialized DiceLoss with idk=[1, 2, 3, 4], is_3d=True
Initialized CrossEntropy with {'idk': [0, 1, 2, 3, 4]}
Initialized DiceLoss with idk=[1, 2, 3, 4], is_3d=True
Initialized CrossEntropy with {'idk': [0, 1, 2, 3, 4]}
Initialized DiceLoss with idk=[1, 2, 3, 4], is_3d=True
Initialized CrossEntropy with {'idk': [0, 1, 2, 3, 4]}
Initialized DiceLoss with idk=[1, 2, 3, 4], is_3d=True
Initialized CrossEntropy with {'idk': [0, 1, 2, 3, 4]}
Initialized DiceLoss with idk=[1, 2, 3, 4], is_3d=True
Initialized CrossEntropy with {'idk': [0, 1, 2, 3, 4]}
Initialized DiceLoss with idk=[1, 2, 3, 4], is_3d=True
/gpfs/home3/scur0088/project/.venv/lib/python3.12/site-packages/torch/utils/data/dataloader.py:1102: UserWarning: 'pin_memory' argument is set as true but no accelerator is found, then device pinned memory won't be used.
  super().__init__(loader)
Initialized CrossEntropy with {'idk': [0, 1, 2, 3, 4]}
/gpfs/home3/scur0088/project/.venv/lib/python3.12/site-packages/torch/utils/data/dataloader.py:1102: UserWarning: 'pin_memory' argument is set as true but no accelerator is found, then device pinned memory won't be used.
  super().__init__(loader)
Initialized DiceLoss with idk=[1, 2, 3, 4], is_3d=True
wandb: WARNING Artifact "SEGTHOR" already exists with the same content. No new version will be created.
Initialized CrossEntropy with {'idk': [0, 1, 2, 3, 4]}
Initialized DiceLoss with idk=[1, 2, 3, 4], is_3d=True
/gpfs/home3/scur0088/project/.venv/lib/python3.12/site-packages/torch/utils/data/dataloader.py:1102: UserWarning: 'pin_memory' argument is set as true but no accelerator is found, then device pinned memory won't be used.
  super().__init__(loader)
/gpfs/home3/scur0088/project/.venv/lib/python3.12/site-packages/torch/utils/data/dataloader.py:1102: UserWarning: 'pin_memory' argument is set as true but no accelerator is found, then device pinned memory won't be used.
  super().__init__(loader)
wandb: WARNING Artifact "SEGTHOR" already exists with the same content. No new version will be created.
wandb: WARNING Artifact "SEGTHOR" already exists with the same content. No new version will be created.
/gpfs/home3/scur0088/project/.venv/lib/python3.12/site-packages/torch/utils/data/dataloader.py:1102: UserWarning: 'pin_memory' argument is set as true but no accelerator is found, then device pinned memory won't be used.
  super().__init__(loader)
/gpfs/home3/scur0088/project/.venv/lib/python3.12/site-packages/torch/utils/data/dataloader.py:1102: UserWarning: 'pin_memory' argument is set as true but no accelerator is found, then device pinned memory won't be used.
  super().__init__(loader)
/gpfs/home3/scur0088/project/.venv/lib/python3.12/site-packages/torch/utils/data/dataloader.py:1102: UserWarning: 'pin_memory' argument is set as true but no accelerator is found, then device pinned memory won't be used.
  super().__init__(loader)
/gpfs/home3/scur0088/project/.venv/lib/python3.12/site-packages/torch/utils/data/dataloader.py:1102: UserWarning: 'pin_memory' argument is set as true but no accelerator is found, then device pinned memory won't be used.
  super().__init__(loader)
/gpfs/home3/scur0088/project/.venv/lib/python3.12/site-packages/torch/utils/data/dataloader.py:1102: UserWarning: 'pin_memory' argument is set as true but no accelerator is found, then device pinned memory won't be used.
  super().__init__(loader)
wandb: WARNING Artifact "SEGTHOR" already exists with the same content. No new version will be created.
/gpfs/home3/scur0088/project/.venv/lib/python3.12/site-packages/torch/utils/data/dataloader.py:1102: UserWarning: 'pin_memory' argument is set as true but no accelerator is found, then device pinned memory won't be used.
  super().__init__(loader)
/gpfs/home3/scur0088/project/.venv/lib/python3.12/site-packages/torch/utils/data/dataloader.py:1102: UserWarning: 'pin_memory' argument is set as true but no accelerator is found, then device pinned memory won't be used.
  super().__init__(loader)
/gpfs/home3/scur0088/project/.venv/lib/python3.12/site-packages/torch/utils/data/dataloader.py:1102: UserWarning: 'pin_memory' argument is set as true but no accelerator is found, then device pinned memory won't be used.
  super().__init__(loader)
/gpfs/home3/scur0088/project/.venv/lib/python3.12/site-packages/torch/utils/data/dataloader.py:1102: UserWarning: 'pin_memory' argument is set as true but no accelerator is found, then device pinned memory won't be used.
  super().__init__(loader)
/gpfs/home3/scur0088/project/.venv/lib/python3.12/site-packages/torch/utils/data/dataloader.py:1102: UserWarning: 'pin_memory' argument is set as true but no accelerator is found, then device pinned memory won't be used.
  super().__init__(loader)
wandb: WARNING Artifact "SEGTHOR" already exists with the same content. No new version will be created.
>> Training   (   0):   0%|          | 0/20 [?it/s]wandb: WARNING Artifact "SEGTHOR" already exists with the same content. No new version will be created.
Initialized CrossEntropy with {'idk': [0, 1, 2, 3, 4]}
Initialized DiceLoss with idk=[1, 2, 3, 4], is_3d=True
wandb: WARNING Artifact "SEGTHOR" already exists with the same content. No new version will be created.
>> Training   (   0):   0%|          | 0/20 [?it/s]>> Training   (   0):   0%|          | 0/20 [?it/s]/gpfs/home3/scur0088/project/.venv/lib/python3.12/site-packages/torch/utils/data/dataloader.py:1102: UserWarning: 'pin_memory' argument is set as true but no accelerator is found, then device pinned memory won't be used.
  super().__init__(loader)
wandb: WARNING Artifact "SEGTHOR" already exists with the same content. No new version will be created.
>> Training   (   0):   0%|          | 0/20 [?it/s]>> Training   (   0):   0%|          | 0/20 [?it/s]>> Training   (   0):   0%|          | 0/20 [?it/s]wandb: WARNING Artifact "SEGTHOR" already exists with the same content. No new version will be created.
>> Training   (   0):   0%|          | 0/20 [?it/s]>> Training   (   0):   0%|          | 0/20 [?it/s]>> Training   (   0):   0%|          | 0/20 [?it/s]wandb: WARNING Artifact "SEGTHOR" already exists with the same content. No new version will be created.
/gpfs/home3/scur0088/project/.venv/lib/python3.12/site-packages/torch/utils/data/dataloader.py:1102: UserWarning: 'pin_memory' argument is set as true but no accelerator is found, then device pinned memory won't be used.
  super().__init__(loader)
>> Training   (   0):   0%|          | 0/20 [?it/s]wandb: WARNING Artifact "SEGTHOR" already exists with the same content. No new version will be created.
wandb: WARNING Artifact "SEGTHOR" already exists with the same content. No new version will be created.
wandb: WARNING Artifact "SEGTHOR" already exists with the same content. No new version will be created.
>> Training   (   0):   0%|          | 0/20 [?it/s]wandb: WARNING Artifact "SEGTHOR" already exists with the same content. No new version will be created.
wandb: WARNING Artifact "SEGTHOR" already exists with the same content. No new version will be created.
wandb: WARNING Artifact "SEGTHOR" already exists with the same content. No new version will be created.
>> Training   (   0):   0%|          | 0/20 [?it/s]/gpfs/home3/scur0088/project/.venv/lib/python3.12/site-packages/torch/cuda/__init__.py:1174: UserWarning: Can't initialize NVML
  raw_cnt = _raw_device_count_nvml()
>> Training   (   0):   0%|          | 0/20 [?it/s]/gpfs/home3/scur0088/project/.venv/lib/python3.12/site-packages/torch/cuda/__init__.py:1174: UserWarning: Can't initialize NVML
  raw_cnt = _raw_device_count_nvml()
/gpfs/home3/scur0088/project/.venv/lib/python3.12/site-packages/torch/cuda/__init__.py:1174: UserWarning: Can't initialize NVML
  raw_cnt = _raw_device_count_nvml()
>> Training   (   0):   0%|          | 0/20 [?it/s]>> Training   (   0):   0%|          | 0/20 [?it/s]>> Training   (   0):   0%|          | 0/20 [?it/s]/gpfs/home3/scur0088/project/.venv/lib/python3.12/site-packages/torch/cuda/__init__.py:1174: UserWarning: Can't initialize NVML
  raw_cnt = _raw_device_count_nvml()
/gpfs/home3/scur0088/project/.venv/lib/python3.12/site-packages/torch/cuda/__init__.py:1174: UserWarning: Can't initialize NVML
  raw_cnt = _raw_device_count_nvml()
/gpfs/home3/scur0088/project/.venv/lib/python3.12/site-packages/torch/cuda/__init__.py:1174: UserWarning: Can't initialize NVML
  raw_cnt = _raw_device_count_nvml()
/gpfs/home3/scur0088/project/.venv/lib/python3.12/site-packages/torch/cuda/__init__.py:1174: UserWarning: Can't initialize NVML
  raw_cnt = _raw_device_count_nvml()
/gpfs/home3/scur0088/project/.venv/lib/python3.12/site-packages/torch/cuda/__init__.py:1174: UserWarning: Can't initialize NVML
  raw_cnt = _raw_device_count_nvml()
/gpfs/home3/scur0088/project/.venv/lib/python3.12/site-packages/torch/cuda/__init__.py:1174: UserWarning: Can't initialize NVML
  raw_cnt = _raw_device_count_nvml()
/gpfs/home3/scur0088/project/.venv/lib/python3.12/site-packages/torch/cuda/__init__.py:1174: UserWarning: Can't initialize NVML
  raw_cnt = _raw_device_count_nvml()
/gpfs/home3/scur0088/project/.venv/lib/python3.12/site-packages/torch/cuda/__init__.py:1174: UserWarning: Can't initialize NVML
  raw_cnt = _raw_device_count_nvml()
/gpfs/home3/scur0088/project/.venv/lib/python3.12/site-packages/torch/cuda/__init__.py:1174: UserWarning: Can't initialize NVML
  raw_cnt = _raw_device_count_nvml()
/gpfs/home3/scur0088/project/.venv/lib/python3.12/site-packages/torch/cuda/__init__.py:1174: UserWarning: Can't initialize NVML
  raw_cnt = _raw_device_count_nvml()
/gpfs/home3/scur0088/project/.venv/lib/python3.12/site-packages/torch/cuda/__init__.py:1174: UserWarning: Can't initialize NVML
  raw_cnt = _raw_device_count_nvml()
/gpfs/home3/scur0088/project/.venv/lib/python3.12/site-packages/torch/cuda/__init__.py:1174: UserWarning: Can't initialize NVML
  raw_cnt = _raw_device_count_nvml()
/gpfs/home3/scur0088/project/.venv/lib/python3.12/site-packages/torch/cuda/__init__.py:1174: UserWarning: Can't initialize NVML
  raw_cnt = _raw_device_count_nvml()
ERROR: Unexpected bus error encountered in worker. This might be caused by insufficient shared memory (shm).
 ERROR: Unexpected bus error encountered in worker. This might be caused by insufficient shared memory (shm).
 ERROR: Unexpected bus error encountered in worker. This might be caused by insufficient shared memory (shm).
 ERROR: Unexpected bus error encountered in worker. This might be caused by insufficient shared memory (shm).
 ERROR: Unexpected bus error encountered in worker. This might be caused by insufficient shared memory (shm).
 ERROR: Unexpected bus error encountered in worker. This might be caused by insufficient shared memory (shm).
 ERROR: Unexpected bus error encountered in worker. This might be caused by insufficient shared memory (shm).
 ERROR: Unexpected bus error encountered in worker. This might be caused by insufficient shared memory (shm).
 SIGBUS: bus error
PC=0x45d63c m=8 sigcode=2 addr=0x45d63c

goroutine 0 gp=0xf2087a54f00 m=8 mp=0xf208778d008 [idle]:
runtime.findRunnable()
	/usr/local/go/src/runtime/proc.go:3769 +0x97c fp=0x15134a798c98 sp=0x15134a798ac8 pc=0x45d63c
runtime.schedule()
	/usr/local/go/src/runtime/proc.go:4179 +0xb1 fp=0x15134a798cd8 sp=0x15134a798c98 pc=0x45ec91
runtime.park_m(0xf2087b1a960)
	/usr/local/go/src/runtime/proc.go:4319 +0x279 fp=0x15134a798d38 sp=0x15134a798cd8 pc=0x45f119
runtime.mcall()
	/usr/local/go/src/runtime/asm_amd64.s:463 +0x53 fp=0x15134a798d50 sp=0x15134a798d38 pc=0x497373

goroutine 1 gp=0xf208767e1e0 m=nil [select, 1 minutes]:
runtime.gopark(0xf2087a9fc38?, 0x2?, 0x8?, 0xd0?, 0xf2087a9fb24?)
	/usr/local/go/src/runtime/proc.go:474 +0xca fp=0xf2088e05990 sp=0xf2088e05970 pc=0x491b8a
runtime.selectgo(0xf2088e05c38, 0xf2087a9fb20, 0x0?, 0x0, 0x3f?, 0x1)
	/usr/local/go/src/runtime/select.go:351 +0xa97 fp=0xf2088e05ad0 sp=0xf2088e05990 pc=0x469bb7
main.serviceMain()
	/project/core/cmd/wandb-core/main.go:188 +0xacc fp=0xf2088e05e68 sp=0xf2088e05ad0 pc=0x1805cec
main.run({0xf2087894010?, 0x2f81118?, 0xf208767e1e0?})
	/project/core/cmd/wandb-core/main.go:66 +0x50 fp=0xf2088e05e90 sp=0xf2088e05e68 pc=0x18051f0
main.main()
	/project/core/cmd/wandb-core/main.go:59 +0x45 fp=0xf2088e05eb8 sp=0xf2088e05e90 pc=0x1805185
runtime.main()
	/usr/local/go/src/runtime/proc.go:302 +0x427 fp=0xf2088e05fe0 sp=0xf2088e05eb8 pc=0x457567
runtime.goexit(SIGBUS: bus error
PC=0x4154ee m=17 sigcode=2 addr=0x4154ee
{})
	/usr/local/go/src/runtime/asm_amd64.s:1264 +0x1 fp=0xf2088e05fe8 sp=0xf2088e05fe0 pc=0x498ea1

goroutine 2 gp=0xf208767ed20 m=nil [force gc (idle), 1 minutes]:
runtime.gopark(0x0?, 0x0?, 0x0?, 0x0?, 0x0?)
	/usr/local/go/src/runtime/proc.go:474 +0xca fp=0xf2087756fa8 sp=0xf2087756f88 pc=0x491b8a
runtime.goparkunlock(...)
	/usr/local/go/src/runtime/proc.go:480
runtime.forcegchelper()
	/usr/local/go/src/runtime/proc.go:387 +0xb3 fp=0xf2087756fe0 sp=0xf2087756fa8 pc=0x457833
runtime.goexit({})
	/usr/local/go/src/runtime/asm_amd64.s:1264 +0x1 fp=0xf2087756fe8 sp=0xf2087756fe0 pc=0x498ea1
created by runtime.init.7 in goroutine 1
	/usr/local/go/src/runtime/proc.go:375 +0x1a

goroutine 18 gp=0xf20878043c0 m=nil [GC sweep wait]:
runtime.gopark(0x1?, 0x0?, 0x0?, 0x0?, 0x0?)
	/usr/local/go/src/runtime/proc.go:474 +0xca fp=0xf2087752788 sp=0xf2087752768 pc=0x491b8a
runtime.goparkunlock(...)
	/usr/local/go/src/runtime/proc.go:480
runtime.bgsweep(0xf2087780000)
	/usr/local/go/src/runtime/mgcsweep.go:324 +0x151 fp=0xf20877527c8 sp=0xf2087752788 pc=0x43ffb1
runtime.gcenable.gowrap1()
	/usr/local/go/src/runtime/mgc.go:214 +0x17 fp=0xf20877527e0 sp=0xf20877527c8 pc=0x486f97
runtime.goexit({})
	/usr/local/go/src/runtime/asm_amd64.s:1264 +0x1 fp=0xf20877527e8 sp=0xf20877527e0 pc=0x498ea1
created by runtime.gcenable in goroutine 1
	/usr/local/go/src/runtime/mgc.go:214 +0x66

goroutine 19 gp=0xf20878045a0 m=nil [GC scavenge wait]:
runtime.gopark(0x10000?, 0x1941ed8?, 0x0?, 0x0?, 0x0?)
	/usr/local/go/src/runtime/proc.go:474 +0xca fp=0xf2087752f78 sp=0xf2087752f58 pc=0x491b8a
runtime.goparkunlock(...)
	/usr/local/go/src/runtime/proc.go:480
runtime.(*scavengerState).park(0x30bd860)
	/usr/local/go/src/runtime/mgcscavenge.go:425 +0x49 fp=0xf2087752fa8 sp=0xf2087752f78 pc=0x43daa9
runtime.bgscavenge(0xf2087780000)
	/usr/local/go/src/runtime/mgcscavenge.go:658 +0x59 fp=0xf2087752fc8 sp=0xf2087752fa8 pc=0x43e019
runtime.gcenable.gowrap2()
	/usr/local/go/src/runtime/mgc.go:215 +0x17 fp=0xf2087752fe0 sp=0xf2087752fc8 pc=0x486f57
runtime.goexit({})
	/usr/local/go/src/runtime/asm_amd64.s:1264 +0x1 fp=0xf2087752fe8 sp=0xf2087752fe0 pc=0x498ea1
created by runtime.gcenable in goroutine 1
	/usr/local/go/src/runtime/mgc.go:215 +0xa5

goroutine 3 gp=0xf208767f680 m=nil [GOMAXPROCS updater (idle), 1 minutes]:
runtime.gopark(0x0?, 0x0?, 0x0?, 0x0?, 0x0?)
	/usr/local/go/src/runtime/proc.go:474 +0xca fp=0xf2087757788 sp=0xf2087757768 pc=0x491b8a
runtime.goparkunlock(...)
	/usr/local/go/src/runtime/proc.go:480
runtime.updateMaxProcsGoroutine()
	/usr/local/go/src/runtime/proc.go:7146 +0xe7 fp=0xf20877577e0 sp=0xf2087757788 pc=0x464e27
runtime.goexit({})
	/usr/local/go/src/runtime/asm_amd64.s:1264 +0x1 fp=0xf20877577e8 sp=0xf20877577e0 pc=0x498ea1
created by runtime.defaultGOMAXPROCSUpdateEnable in goroutine 1
	/usr/local/go/src/runtime/proc.go:7134 +0x37

goroutine 34 gp=0xf2087888000 m=nil [finalizer wait, 1 minutes]:
runtime.gopark(0x0?, 0x0?, 0x0?, 0x0?, 0x0?)
	/usr/local/go/src/runtime/proc.go:474 +0xca fp=0xf208788e620 sp=0xf208788e600 pc=0x491b8a
runtime.runFinalizers()
	/usr/local/go/src/runtime/mfinal.go:210 +0x107 fp=0xf208788e7e0 sp=0xf208788e620 pc=0x431007
runtime.goexit({})
	/usr/local/go/src/runtime/asm_amd64.s:1264 +0x1 fp=0xf208788e7e8 sp=0xf208788e7e0 pc=0x498ea1
created by runtime.createfing in goroutine 1
	/usr/local/go/src/runtime/mfinal.go:172 +0x3d

goroutine 20 gp=0xf20879ce000 m=nil [cleanup wait, 1 minutes]:
runtime.gopark(0x0?, 0x0?, 0x0?, 0x0?, 0x0?)
	/usr/local/go/src/runtime/proc.go:474 +0xca fp=0xf2087756768 sp=0xf2087756748 pc=0x491b8a
runtime.goparkunlock(...)
	/usr/local/go/src/runtime/proc.go:480
runtime.(*cleanupQueue).dequeue(0x30bde40)
	/usr/local/go/src/runtime/mcleanup.go:522 +0xd3 fp=0xf20877567a0 sp=0xf2087756768 pc=0x42d5b3
runtime.runCleanups()
	/usr/local/go/src/runtime/mcleanup.go:718 +0x45 fp=0xf20877567e0 sp=0xf20877567a0 pc=0x42dc25
runtime.goexit({})
	/usr/local/go/src/runtime/asm_amd64.s:1264 +0x1 fp=0xf20877567e8 sp=0xf20877567e0 pc=0x498ea1
created by runtime.(*cleanupQueue).createGs in goroutine 1
	/usr/local/go/src/runtime/mcleanup.go:672 +0xa5

goroutine 24 gp=0xf208767fc20 m=nil [GC worker (idle), 1 minutes]:
runtime.gopark(0x0?, 0xf2087757fa8?, 0x5d?, 0xcd?, 0xf2087757f88?)
	/usr/local/go/src/runtime/proc.go:474 +0xca fp=0xf2087757f40 sp=0xf2087757f20 pc=0x491b8a
runtime.gcBgMarkWorker(0xf208784e700)
	/usr/local/go/src/runtime/mgc.go:1807 +0xeb fp=0xf2087757fc8 sp=0xf2087757f40 pc=0x43444b
runtime.gcBgMarkStartWorkers.gowrap1()
	/usr/local/go/src/runtime/mgc.go:1711 +0x17 fp=0xf2087757fe0 sp=0xf2087757fc8 pc=0x487497
runtime.goexit({})
	/usr/local/go/src/runtime/asm_amd64.s:1264 +0x1 fp=0xf2087757fe8 sp=0xf2087757fe0 pc=0x498ea1
created by runtime.gcBgMarkStartWorkers in goroutine 1
	/usr/local/go/src/runtime/mgc.go:1711 +0xfc

goroutine 25 gp=0xf20879cf4a0 m=nil [GC worker (idle), 1 minutes]:
runtime.gopark(0x0?, 0x0?, 0x0?, 0x0?, 0x0?)
	/usr/local/go/src/runtime/proc.go:474 +0xca fp=0xf2087753740 sp=0xf2087753720 pc=0x491b8a
runtime.gcBgMarkWorker(0xf208784e700)
	/usr/local/go/src/runtime/mgc.go:1807 +0xeb fp=0xf20877537c8 sp=0xf2087753740 pc=0x43444b
runtime.gcBgMarkStartWorkers.gowrap1()
	/usr/local/go/src/runtime/mgc.go:1711 +0x17 fp=0xf20877537e0 sp=0xf20877537c8 pc=0x487497
runtime.goexit({})
	/usr/local/go/src/runtime/asm_amd64.s:1264 +0x1 fp=0xf20877537e8 sp=0xf20877537e0 pc=0x498ea1
created by runtime.gcBgMarkStartWorkers in goroutine 1
	/usr/local/go/src/runtime/mgc.go:1711 +0xfc

goroutine 7 gp=0xf2087a541e0 m=nil [GC worker (idle), 1 minutes]:
runtime.gopark(0x0?, 0x0?, 0x0?, 0x0?, 0x0?)
	/usr/local/go/src/runtime/proc.go:474 +0xca fp=0xf2087758740 sp=0xf2087758720 pc=0x491b8a
runtime.gcBgMarkWorker(0xf208784e700)
	/usr/local/go/src/runtime/mgc.go:1807 +0xeb fp=0xf20877587c8 sp=0xf2087758740 pc=0x43444b
runtime.gcBgMarkStartWorkers.gowrap1()
	/usr/local/go/src/runtime/mgc.go:1711 +0x17 fp=0xf20877587e0 sp=0xf20877587c8 pc=0x487497
runtime.goexit({})
	/usr/local/go/src/runtime/asm_amd64.s:1264 +0x1 fp=0xf20877587e8 sp=0xf20877587e0 pc=0x498ea1
created by runtime.gcBgMarkStartWorkers in goroutine 1
	/usr/local/go/src/runtime/mgc.go:1711 +0xfc

goroutine 37 gp=0xf20878885a0 m=nil [GC worker (idle), 1 minutes]:
runtime.gopark(0x0?, 0x0?, 0x0?, 0x0?, 0x0?)
	/usr/local/go/src/runtime/proc.go:474 +0xca fp=0xf208788ef40 sp=0xf208788ef20 pc=0x491b8a
runtime.gcBgMarkWorker(0xf208784e700)
	/usr/local/go/src/runtime/mgc.go:1807 +0xeb fp=0xf208788efc8 sp=0xf208788ef40 pc=0x43444b
runtime.gcBgMarkStartWorkers.gowrap1()
	/usr/local/go/src/runtime/mgc.go:1711 +0x17 fp=0xf208788efe0 sp=0xf208788efc8 pc=0x487497
runtime.goexit({})
	/usr/local/go/src/runtime/asm_amd64.s:1264 +0x1 fp=0xf208788efe8 sp=0xf208788efe0 pc=0x498ea1
created by runtime.gcBgMarkStartWorkers in goroutine 1
	/usr/local/go/src/runtime/mgc.go:1711 +0xfc

goroutine 38 gp=0xf2087888780 m=nil [GC worker (idle), 1 minutes]:
runtime.gopark(0x0?, 0x0?, 0x0?, 0x0?, 0x0?)
	/usr/local/go/src/runtime/proc.go:474 +0xca fp=0xf208788f740 sp=0xf208788f720 pc=0x491b8a
runtime.gcBgMarkWorker(0xf208784e700)
	/usr/local/go/src/runtime/mgc.go:1807 +0xeb fp=0xf208788f7c8 sp=0xf208788f740 pc=0x43444b
runtime.gcBgMarkStartWorkers.gowrap1()
	/usr/local/go/src/runtime/mgc.go:1711 +0x17 fp=0xf208788f7e0 sp=0xf208788f7c8 pc=0x487497
runtime.goexit({})
	/usr/local/go/src/runtime/asm_amd64.s:1264 +0x1 fp=0xf208788f7e8 sp=0xf208788f7e0 pc=0x498ea1
created by runtime.gcBgMarkStartWorkers in goroutine 1
	/usr/local/go/src/runtime/mgc.go:1711 +0xfc

goroutine 39 gp=0xf2087888960 m=nil [GC worker (idle), 1 minutes]:
runtime.gopark(0x0?, 0x0?, 0x0?, 0x0?, 0x0?)
	/usr/local/go/src/runtime/proc.go:474 +0xca fp=0xf208788ff40 sp=0xf208788ff20 pc=0x491b8a
runtime.gcBgMarkWorker(0xf208784e700)
	/usr/local/go/src/runtime/mgc.go:1807 +0xeb fp=0xf208788ffc8 sp=0xf208788ff40 pc=0x43444b
runtime.gcBgMarkStartWorkers.gowrap1()
	/usr/local/go/src/runtime/mgc.go:1711 +0x17 fp=0xf208788ffe0 sp=0xf208788ffc8 pc=0x487497
runtime.goexit({})
	/usr/local/go/src/runtime/asm_amd64.s:1264 +0x1 fp=0xf208788ffe8 sp=0xf208788ffe0 pc=0x498ea1
created by runtime.gcBgMarkStartWorkers in goroutine 1
	/usr/local/go/src/runtime/mgc.go:1711 +0xfc

goroutine 50 gp=0xf2087b84000 m=nil [GC worker (idle), 1 minutes]:
runtime.gopark(0x0?, 0x0?, 0x0?, 0x0?, 0x0?)
	/usr/local/go/src/runtime/proc.go:474 +0xca fp=0xf208788a740 sp=0xf208788a720 pc=0x491b8a
runtime.gcBgMarkWorker(0xf208784e700)
	/usr/local/go/src/runtime/mgc.go:1807 +0xeb fp=0xf208788a7c8 sp=0xf208788a740 pc=0x43444b
runtime.gcBgMarkStartWorkers.gowrap1()
	/usr/local/go/src/runtime/mgc.go:1711 +0x17 fp=0xf208788a7e0 sp=0xf208788a7c8 pc=0x487497
runtime.goexit({})
	/usr/local/go/src/runtime/asm_amd64.s:1264 +0x1 fp=0xf208788a7e8 sp=0xf208788a7e0 pc=0x498ea1
created by runtime.gcBgMarkStartWorkers in goroutine 1
	/usr/local/go/src/runtime/mgc.go:1711 +0xfc

goroutine 51 gp=0xf2087b841e0 m=nil [GC worker (idle), 1 minutes]:
runtime.gopark(0x0?, 0x0?, 0x0?, 0x0?, 0x0?)
	/usr/local/go/src/runtime/proc.go:474 +0xca fp=0xf208788af40 sp=0xf208788af20 pc=0x491b8a
runtime.gcBgMarkWorker(0xf208784e700)
	/usr/local/go/src/runtime/mgc.go:1807 +0xeb fp=0xf208788afc8 sp=0xf208788af40 pc=0x43444b
runtime.gcBgMarkStartWorkers.gowrap1()
	/usr/local/go/src/runtime/mgc.go:1711 +0x17 fp=0xf208788afe0 sp=0xf208788afc8 pc=0x487497
runtime.goexit({})
	/usr/local/go/src/runtime/asm_amd64.s:1264 +0x1 fp=0xf208788afe8 sp=0xf208788afe0 pc=0x498ea1
created by runtime.gcBgMarkStartWorkers in goroutine 1
	/usr/local/go/src/runtime/mgc.go:1711 +0xfc

goroutine 8 gp=0xf2087a543c0 m=nil [GC worker (idle), 1 minutes]:
runtime.gopark(0x0?, 0x0?, 0x0?, 0x0?, 0x0?)
	/usr/local/go/src/runtime/proc.go:474 +0xca fp=0xf2087758f40 sp=0xf2087758f20 pc=0x491b8a
runtime.gcBgMarkWorker(0xf208784e700)
	/usr/local/go/src/runtime/mgc.go:1807 +0xeb fp=0xf2087758fc8 sp=0xf2087758f40 pc=0x43444b
runtime.gcBgMarkStartWorkers.gowrap1()
	/usr/local/go/src/runtime/mgc.go:1711 +0x17 fp=0xf2087758fe0 sp=0xf2087758fc8 pc=0x487497
runtime.goexit({})
	/usr/local/go/src/runtime/asm_amd64.s:1264 +0x1 fp=0xf2087758fe8 sp=0xf2087758fe0 pc=0x498ea1
created by runtime.gcBgMarkStartWorkers in goroutine 1
	/usr/local/go/src/runtime/mgc.go:1711 +0xfc

goroutine 40 gp=0xf2087888b40 m=nil [GC worker (idle), 1 minutes]:
runtime.gopark(0x0?, 0x0?, 0x0?, 0x0?, 0x0?)
	/usr/local/go/src/runtime/proc.go:474 +0xca fp=0xf2087890740 sp=0xf2087890720 pc=0x491b8a
runtime.gcBgMarkWorker(0xf208784e700)
	/usr/local/go/src/runtime/mgc.go:1807 +0xeb fp=0xf20878907c8 sp=0xf2087890740 pc=0x43444b
runtime.gcBgMarkStartWorkers.gowrap1()
	/usr/local/go/src/runtime/mgc.go:1711 +0x17 fp=0xf20878907e0 sp=0xf20878907c8 pc=0x487497
runtime.goexit({})
	/usr/local/go/src/runtime/asm_amd64.s:1264 +0x1 fp=0xf20878907e8 sp=0xf20878907e0 pc=0x498ea1
created by runtime.gcBgMarkStartWorkers in goroutine 1
	/usr/local/go/src/runtime/mgc.go:1711 +0xfc

goroutine 52 gp=0xf2087b843c0 m=nil [GC worker (idle), 1 minutes]:
runtime.gopark(0x0?, 0x0?, 0x0?, 0x0?, 0x0?)
	/usr/local/go/src/runtime/proc.go:474 +0xca fp=0xf208788b740 sp=0xf208788b720 pc=0x491b8a
runtime.gcBgMarkWorker(0xf208784e700)
	/usr/local/go/src/runtime/mgc.go:1807 +0xeb fp=0xf208788b7c8 sp=0xf208788b740 pc=0x43444b
runtime.gcBgMarkStartWorkers.gowrap1()
	/usr/local/go/src/runtime/mgc.go:1711 +0x17 fp=0xf208788b7e0 sp=0xf208788b7c8 pc=0x487497
runtime.goexit({})
	/usr/local/go/src/runtime/asm_amd64.s:1264 +0x1 fp=0xf208788b7e8 sp=0xf208788b7e0 pc=0x498ea1
created by runtime.gcBgMarkStartWorkers in goroutine 1
	/usr/local/go/src/runtime/mgc.go:1711 +0xfc

goroutine 53 gp=0xf2087b845a0 m=nil [GC worker (idle), 1 minutes]:
runtime.gopark(0x0?, 0x0?, 0x0?, 0x0?, 0x0?)
	/usr/local/go/src/runtime/proc.go:474 +0xca fp=0xf208788bf40 sp=0xf208788bf20 pc=0x491b8a
runtime.gcBgMarkWorker(0xf208784e700)
	/usr/local/go/src/runtime/mgc.go:1807 +0xeb fp=0xf208788bfc8 sp=0xf208788bf40 pc=0x43444b
runtime.gcBgMarkStartWorkers.gowrap1()
	/usr/local/go/src/runtime/mgc.go:1711 +0x17 fp=0xf208788bfe0 sp=0xf208788bfc8 pc=0x487497
runtime.goexit({})
	/usr/local/go/src/runtime/asm_amd64.s:1264 +0x1 fp=0xf208788bfe8 sp=0xf208788bfe0 pc=0x498ea1
created by runtime.gcBgMarkStartWorkers in goroutine 1
	/usr/local/go/src/runtime/mgc.go:1711 +0xfc

goroutine 9 gp=0xf2087a545a0 m=nil [GC worker (idle)]:
runtime.gopark(0x2a83d57bba704?, 0x1?, 0xb3?, 0x5e?, 0x0?)
	/usr/local/go/src/runtime/proc.go:474 +0xca fp=0xf2087759740 sp=0xf2087759720 pc=0x491b8a
runtime.gcBgMarkWorker(0xf208784e700)
	/usr/local/go/src/runtime/mgc.go:1807 +0xeb fp=0xf20877597c8 sp=0xf2087759740 pc=0x43444b
runtime.gcBgMarkStartWorkers.gowrap1()
	/usr/local/go/src/runtime/mgc.go:1711 +0x17 fp=0xf20877597e0 sp=0xf20877597c8 pc=0x487497
runtime.goexit({})
	/usr/local/go/src/runtime/asm_amd64.s:1264 +0x1 fp=0xf20877597e8 sp=0xf20877597e0 pc=0x498ea1
created by runtime.gcBgMarkStartWorkers in goroutine 1
	/usr/local/go/src/runtime/mgc.go:1711 +0xfc

goroutine 41 gp=0xf2087888d20 m=nil [GC worker (idle)]:
runtime.gopark(0x2a83d577dc55b?, 0x1?, 0x4b?, 0x69?, 0x0?)
	/usr/local/go/src/runtime/proc.go:474 +0xca fp=0xf2087890f40 sp=0xf2087890f20 pc=0x491b8a
runtime.gcBgMarkWorker(0xf208784e700)
	/usr/local/go/src/runtime/mgc.go:1807 +0xeb fp=0xf2087890fc8 sp=0xf2087890f40 pc=0x43444b
runtime.gcBgMarkStartWorkers.gowrap1()
	/usr/local/go/src/runtime/mgc.go:1711 +0x17 fp=0xf2087890fe0 sp=0xf2087890fc8 pc=0x487497
runtime.goexit({})
	/usr/local/go/src/runtime/asm_amd64.s:1264 +0x1 fp=0xf2087890fe8 sp=0xf2087890fe0 pc=0x498ea1
created by runtime.gcBgMarkStartWorkers in goroutine 1
	/usr/local/go/src/runtime/mgc.go:1711 +0xfc

goroutine 42 gp=0xf2087888f00 m=nil [GC worker (idle), 1 minutes]:
runtime.gopark(0x2a836275d03d0?, 0x3?, 0x30?, 0x16?, 0x0?)
	/usr/local/go/src/runtime/proc.go:474 +0xca fp=0xf2087891740 sp=0xf2087891720 pc=0x491b8a
runtime.gcBgMarkWorker(0xf208784e700)
	/usr/local/go/src/runtime/mgc.go:1807 +0xeb fp=0xf20878917c8 sp=0xf2087891740 pc=0x43444b
runtime.gcBgMarkStartWorkers.gowrap1()
	/usr/local/go/src/runtime/mgc.go:1711 +0x17 fp=0xf20878917e0 sp=0xf20878917c8 pc=0x487497
runtime.goexit({})
	/usr/local/go/src/runtime/asm_amd64.s:1264 +0x1 fp=0xf20878917e8 sp=0xf20878917e0 pc=0x498ea1
created by runtime.gcBgMarkStartWorkers in goroutine 1
	/usr/local/go/src/runtime/mgc.go:1711 +0xfc

goroutine 43 gp=0xf20878890e0 m=nil [GC worker (idle)]:
runtime.gopark(0x2a83d574a67fe?, 0x1?, 0xe0?, 0x74?, 0x0?)
	/usr/local/go/src/runtime/proc.go:474 +0xca fp=0xf2087891f40 sp=0xf2087891f20 pc=0x491b8a
runtime.gcBgMarkWorker(0xf208784e700)
	/usr/local/go/src/runtime/mgc.go:1807 +0xeb fp=0xf2087891fc8 sp=0xf2087891f40 pc=0x43444b
runtime.gcBgMarkStartWorkers.gowrap1()
	/usr/local/go/src/runtime/mgc.go:1711 +0x17 fp=0xf2087891fe0 sp=0xf2087891fc8 pc=0x487497
runtime.goexit({})
	/usr/local/go/src/runtime/asm_amd64.s:1264 +0x1 fp=0xf2087891fe8 sp=0xf2087891fe0 pc=0x498ea1
created by runtime.gcBgMarkStartWorkers in goroutine 1
	/usr/local/go/src/runtime/mgc.go:1711 +0xfc

goroutine 44 gp=0xf20878892c0 m=nil [GC worker (idle), 1 minutes]:
runtime.gopark(0x2a83627601bfb?, 0x3?, 0xb0?, 0x18?, 0x0?)
	/usr/local/go/src/runtime/proc.go:474 +0xca fp=0xf2087b14740 sp=0xf2087b14720 pc=0x491b8a
runtime.gcBgMarkWorker(0xf208784e700)
	/usr/local/go/src/runtime/mgc.go:1807 +0xeb fp=0xf2087b147c8 sp=0xf2087b14740 pc=0x43444b
runtime.gcBgMarkStartWorkers.gowrap1()
	/usr/local/go/src/runtime/mgc.go:1711 +0x17 fp=0xf2087b147e0 sp=0xf2087b147c8 pc=0x487497
runtime.goexit({})
	/usr/local/go/src/runtime/asm_amd64.s:1264 +0x1 fp=0xf2087b147e8 sp=0xf2087b147e0 pc=0x498ea1
created by runtime.gcBgMarkStartWorkers in goroutine 1
	/usr/local/go/src/runtime/mgc.go:1711 +0xfc

goroutine 45 gp=0xf20878894a0 m=nil [GC worker (idle)]:
runtime.gopark(0x2f78e00?, 0xf2087b0f200?, 0x1c?, 0xa?, 0x0?)
	/usr/local/go/src/runtime/proc.go:474 +0xca fp=0xf2087b14f40 sp=0xf2087b14f20 pc=0x491b8a
runtime.gcBgMarkWorker(0xf208784e700)
	/usr/local/go/src/runtime/mgc.go:1807 +0xeb fp=0xf2087b14fc8 sp=0xf2087b14f40 pc=0x43444b
runtime.gcBgMarkStartWorkers.gowrap1()
	/usr/local/go/src/runtime/mgc.go:1711 +0x17 fp=0xf2087b14fe0 sp=0xf2087b14fc8 pc=0x487497
runtime.goexit({})
	/usr/local/go/src/runtime/asm_amd64.s:1264 +0x1 fp=0xf2087b14fe8 sp=0xf2087b14fe0 pc=0x498ea1
created by runtime.gcBgMarkStartWorkers in goroutine 1
	/usr/local/go/src/runtime/mgc.go:1711 +0xfc

goroutine 46 gp=0xf2087889680 m=nil [GC worker (idle)]:
runtime.gopark(0x2a83d57bc9327?, 0x1?, 0x4?, 0x6?, 0x0?)
	/usr/local/go/src/runtime/proc.go:474 +0xca fp=0xf2087b15740 sp=0xf2087b15720 pc=0x491b8a
runtime.gcBgMarkWorker(0xf208784e700)
	/usr/local/go/src/runtime/mgc.go:1807 +0xeb fp=0xf2087b157c8 sp=0xf2087b15740 pc=0x43444b
runtime.gcBgMarkStartWorkers.gowrap1()
	/usr/local/go/src/runtime/mgc.go:1711 +0x17 fp=0xf2087b157e0 sp=0xf2087b157c8 pc=0x487497
runtime.goexit({})
	/usr/local/go/src/runtime/asm_amd64.s:1264 +0x1 fp=0xf2087b157e8 sp=0xf2087b157e0 pc=0x498ea1
created by runtime.gcBgMarkStartWorkers in goroutine 1
	/usr/local/go/src/runtime/mgc.go:1711 +0xfc

goroutine 47 gp=0xf2087889860 m=nil [GC worker (idle)]:
runtime.gopark(0x2a83d583d1dc9?, 0x1?, 0xd6?, 0xba?, 0x0?)
	/usr/local/go/src/runtime/proc.go:474 +0xca fp=0xf2087b15f40 sp=0xf2087b15f20 pc=0x491b8a
runtime.gcBgMarkWorker(0xf208784e700)
	/usr/local/go/src/runtime/mgc.go:1807 +0xeb fp=0xf2087b15fc8 sp=0xf2087b15f40 pc=0x43444b
runtime.gcBgMarkStartWorkers.gowrap1()
	/usr/local/go/src/runtime/mgc.go:1711 +0x17 fp=0xf2087b15fe0 sp=0xf2087b15fc8 pc=0x487497
runtime.goexit({})
	/usr/local/go/src/runtime/asm_amd64.s:1264 +0x1 fp=0xf2087b15fe8 sp=0xf2087b15fe0 pc=0x498ea1
created by runtime.gcBgMarkStartWorkers in goroutine 1
	/usr/local/go/src/runtime/mgc.go:1711 +0xfc

goroutine 48 gp=0xf2087889a40 m=nil [GC worker (idle), 1 minutes]:
runtime.gopark(0x2a836275cf5f2?, 0x1?, 0x44?, 0x6f?, 0x0?)
	/usr/local/go/src/runtime/proc.go:474 +0xca fp=0xf2087b16740 sp=0xf2087b16720 pc=0x491b8a
runtime.gcBgMarkWorker(0xf208784e700)
	/usr/local/go/src/runtime/mgc.go:1807 +0xeb fp=0xf2087b167c8 sp=0xf2087b16740 pc=0x43444b
runtime.gcBgMarkStartWorkers.gowrap1()
	/usr/local/go/src/runtime/mgc.go:1711 +0x17 fp=0xf2087b167e0 sp=0xf2087b167c8 pc=0x487497
runtime.goexit({})
	/usr/local/go/src/runtime/asm_amd64.s:1264 +0x1 fp=0xf2087b167e8 sp=0xf2087b167e0 pc=0x498ea1
created by runtime.gcBgMarkStartWorkers in goroutine 1
	/usr/local/go/src/runtime/mgc.go:1711 +0xfc

goroutine 10 gp=0xf2087a54780 m=nil [GC worker (idle), 1 minutes]:
runtime.gopark(0x2a836275bc2de?, 0x1?, 0x9b?, 0xef?, 0x0?)
	/usr/local/go/src/runtime/proc.go:474 +0xca fp=0xf2087759f40 sp=0xf2087759f20 pc=0x491b8a
runtime.gcBgMarkWorker(0xf208784e700)
	/usr/local/go/src/runtime/mgc.go:1807 +0xeb fp=0xf2087759fc8 sp=0xf2087759f40 pc=0x43444b
runtime.gcBgMarkStartWorkers.gowrap1()
	/usr/local/go/src/runtime/mgc.go:1711 +0x17 fp=0xf2087759fe0 sp=0xf2087759fc8 pc=0x487497
runtime.goexit({})
	/usr/local/go/src/runtime/asm_amd64.s:1264 +0x1 fp=0xf2087759fe8 sp=0xf2087759fe0 pc=0x498ea1
created by runtime.gcBgMarkStartWorkers in goroutine 1
	/usr/local/go/src/runtime/mgc.go:1711 +0xfc

goroutine 11 gp=0xf2087a54960 m=nil [GC worker (idle)]:
runtime.gopark(0x2a83d57bba330?, 0x1?, 0x54?, 0x3d?, 0x0?)
	/usr/local/go/src/runtime/proc.go:474 +0xca fp=0xf2087b10740 sp=0xf2087b10720 pc=0x491b8a
runtime.gcBgMarkWorker(0xf208784e700)
	/usr/local/go/src/runtime/mgc.go:1807 +0xeb fp=0xf2087b107c8 sp=0xf2087b10740 pc=0x43444b
runtime.gcBgMarkStartWorkers.gowrap1()
	/usr/local/go/src/runtime/mgc.go:1711 +0x17 fp=0xf2087b107e0 sp=0xf2087b107c8 pc=0x487497
runtime.goexit({})
	/usr/local/go/src/runtime/asm_amd64.s:1264 +0x1 fp=0xf2087b107e8 sp=0xf2087b107e0 pc=0x498ea1
created by runtime.gcBgMarkStartWorkers in goroutine 1
	/usr/local/go/src/runtime/mgc.go:1711 +0xfc

goroutine 12 gp=0xf2087a54b40 m=nil [GC worker (idle), 1 minutes]:
runtime.gopark(0x2a8362761095f?, 0x3?, 0x32?, 0xf?, 0x0?)
	/usr/local/go/src/runtime/proc.go:474 +0xca fp=0xf2087b10f40 sp=0xf2087b10f20 pc=0x491b8a
runtime.gcBgMarkWorker(0xf208784e700)
	/usr/local/go/src/runtime/mgc.go:1807 +0xeb fp=0xf2087b10fc8 sp=0xf2087b10f40 pc=0x43444b
runtime.gcBgMarkStartWorkers.gowrap1()
	/usr/local/go/src/runtime/mgc.go:1711 +0x17 fp=0xf2087b10fe0 sp=0xf2087b10fc8 pc=0x487497
runtime.goexit({})
	/usr/local/go/src/runtime/asm_amd64.s:1264 +0x1 fp=0xf2087b10fe8 sp=0xf2087b10fe0 pc=0x498ea1
created by runtime.gcBgMarkStartWorkers in goroutine 1
	/usr/local/go/src/runtime/mgc.go:1711 +0xfc

goroutine 66 gp=0xf2087b1a3c0 m=nil [select, 1 minutes, locked to thread]:
runtime.gopark(0xf208788cfa8?, 0x2?, 0x68?, 0x0?, 0xf208788cf94?)
	/usr/local/go/src/runtime/proc.go:474 +0xca fp=0xf208788ce18 sp=0xf208788cdf8 pc=0x491b8a
runtime.selectgo(0xf208788cfa8, 0xf208788cf90, 0x0?, 0x0, 0x0?, 0x1)
	/usr/local/go/src/runtime/select.go:351 +0xa97 fp=0xf208788cf58 sp=0xf208788ce18 pc=0x469bb7
runtime.ensureSigM.func1()
	/usr/local/go/src/runtime/signal_unix.go:1093 +0x188 fp=0xf208788cfe0 sp=0xf208788cf58 pc=0x48bec8
runtime.goexit({})
	/usr/local/go/src/runtime/asm_amd64.s:1264 +0x1 fp=0xf208788cfe8 sp=0xf208788cfe0 pc=0x498ea1
created by runtime.ensureSigM in goroutine 1
	/usr/local/go/src/runtime/signal_unix.go:1076 +0xc5

goroutine 67 gp=0xf2087b1a5a0 m=13 mp=0xf2087d80008 [syscall, 1 minutes]:
runtime.notetsleepg(0x30f5940, 0xffffffffffffffff)
	/usr/local/go/src/runtime/lock_futex.go:123 +0x29 fp=0xf208788d7a0 sp=0xf208788d778 pc=0x422f09
os/signal.signal_recv()
	/usr/local/go/src/runtime/sigqueue.go:152 +0x98 fp=0xf208788d7c0 sp=0xf208788d7a0 pc=0x493ed8
os/signal.loop()
	/usr/local/go/src/os/signal/signal_unix.go:23 +0x13 fp=0xf208788d7e0 sp=0xf208788d7c0 pc=0x5c0453
runtime.goexit({})
	/usr/local/go/src/runtime/asm_amd64.s:1264 +0x1 fp=0xf208788d7e8 sp=0xf208788d7e0 pc=0x498ea1
created by os/signal.Notify.func2.1 in goroutine 1
	/usr/local/go/src/os/signal/signal.go:164 +0x1f

goroutine 68 gp=0xf2087b1a780 m=nil [chan receive, 1 minutes]:
runtime.gopark(0xf20878e60f0?, 0x2bc8db0?, 0x50?, 0xbe?, 0xf208776be50?)
	/usr/local/go/src/runtime/proc.go:474 +0xca fp=0xf208776bdc0 sp=0xf208776bda0 pc=0x491b8a
runtime.chanrecv(0xf20876e22a0, 0x0, 0x1)
	/usr/local/go/src/runtime/chan.go:667 +0x4ae fp=0xf208776be38 sp=0xf208776bdc0 pc=0x41d38e
runtime.chanrecv1(0xf20876cc050?, 0xf20879a0160?)
	/usr/local/go/src/runtime/chan.go:509 +0x12 fp=0xf208776be60 sp=0xf208776be38 pc=0x41ceb2
github.com/wandb/wandb/core/pkg/server.(*Server).Serve(0xf2087d0c0d0, {0x7ffe84f24920, 0x3c})
	/project/core/pkg/server/server.go:201 +0x309 fp=0xf208776bfa0 sp=0xf208776be60 pc=0x1803489
main.serviceMain.func3()
	/project/core/cmd/wandb-core/main.go:185 +0x2b fp=0xf208776bfe0 sp=0xf208776bfa0 pc=0x180818b
runtime.goexit({})
	/usr/local/go/src/runtime/asm_amd64.s:1264 +0x1 fp=0xf208776bfe8 sp=0xf208776bfe0 pc=0x498ea1
created by main.serviceMain in goroutine 1
	/project/core/cmd/wandb-core/main.go:185 +0xa59

goroutine 69 gp=0xf2087b1a960 m=nil [sleep]:
runtime.gopark(0x2a84438edd85f?, 0x0?, 0xe?, 0xe?, 0x1?)
	/usr/local/go/src/runtime/proc.go:474 +0xca fp=0xf2087f17ef8 sp=0xf2087f17ed8 pc=0x491b8a
time.Sleep(0x5f5e100)
	/usr/local/go/src/runtime/time.go:368 +0x165 fp=0xf2087f17f50 sp=0xf2087f17ef8 pc=0x495dc5

goroutine 0 gp=0x145f377363c0 m=17 mp=0x145f37738008 [idle]:
github.com/wandb/wandb/core/pkg/server.(*Server).exitWhenParentIsGone(internal/runtime/syscall/linux.Syscall6()
	/usr/local/go/src/internal/runtime/syscall/linux/asm_linux_amd64.s:36 +0xe fp=0x15105d3cf3e8 sp=0x15105d3cf3e0 pc=0x4154ee
internal/runtime/syscall/linux.EpollWait(0x6?, {0x15105d3cf474?, 0x8?, 0x8?}, 0x0?, 0x0?)
	/usr/local/go/src/internal/runtime/syscall/linux/syscall_linux.go:32 +0x45 fp=0x15105d3cf438 sp=0x15105d3cf3e8 pc=0x415305
runtime.netpoll(0x145f3682f570?)
	/usr/local/go/src/runtime/netpoll_epoll.go:119 +0xd3 fp=0x15105d3cfac8 sp=0x15105d3cf438 pc=0x450f53
runtime.findRunnable()
	/usr/local/go/src/runtime/proc.go:3769 +0x97c fp=0x15105d3cfc98 sp=0x15105d3cfac8 pc=0x45d63c
runtime.schedule()
	/usr/local/go/src/runtime/proc.go:4179 +0xb1 fp=0x15105d3cfcd8 sp=0x15105d3cfc98 pc=0x45ec91
runtime.park_m(0x145f36c08780)
	/usr/local/go/src/runtime/proc.go:4319 +0x279 fp=0x15105d3cfd38 sp=0x15105d3cfcd8 pc=0x45f119
runtime.mcall()
	/usr/local/go/src/runtime/asm_amd64.s:463 +0x53 fp=0x15105d3cfd50 sp=0x15105d3cfd38 pc=0x497373

goroutine 1 gp=0x145f3675c1e0 m=nil [select, 1 minutes]:
runtime.gopark(0x145f36d8fc38?, 0x2?, 0x8?, 0xea?, 0x145f36d8fb24?)
	/usr/local/go/src/runtime/proc.go:474 +0xca fp=0x145f371fd990 sp=0x145f371fd970 pc=0x491b8a
runtime.selectgo(0x145f371fdc38, 0x145f36d8fb20, 0x0?, 0x0, 0x3f?, 0x1)
	/usr/local/go/src/runtime/select.go:351 +0xa97 fp=0x145f371fdad0 sp=0x145f371fd990 pc=0x469bb7
main.serviceMain()
	/project/core/cmd/wandb-core/main.go:188 +0xacc fp=0x145f371fde68 sp=0x145f371fdad0 pc=0x1805cec
main.run({0x145f368a2010?, 0x2f81118?, 0x145f3675c1e0?})
	/project/core/cmd/wandb-core/main.go:66 +0x50 fp=0x145f371fde90 sp=0x145f371fde68 pc=0x18051f0
main.main()
	/project/core/cmd/wandb-core/main.go:59 +0x45 fp=0x145f371fdeb8 sp=0x145f371fde90 pc=0x1805185
runtime.main()
	/usr/local/go/src/runtime/proc.go:302 +0x427 fp=0x145f371fdfe0 sp=0x145f371fdeb8 pc=0x457567
runtime.goexit({})
	/usr/local/go/src/runtime/asm_amd64.s:1264 +0x1 fp=0x145f371fdfe8 sp=0x145f371fdfe0 pc=0x498ea1

goroutine 2 gp=0x145f3675cd20 m=nil [force gc (idle), 1 minutes]:
runtime.gopark(0x0?, 0x0?, 0x0?, 0x0?, 0x0?)
	/usr/local/go/src/runtime/proc.go:474 +0xca fp=0x145f36834fa8 sp=0x145f36834f88 pc=0x491b8a
runtime.goparkunlock(...)
	/usr/local/go/src/runtime/proc.go:480
runtime.forcegchelper()
	/usr/local/go/src/runtime/proc.go:387 +0xb3 fp=0x145f36834fe0 sp=0x145f36834fa8 pc=0x457833
runtime.goexit({})
	/usr/local/go/src/runtime/asm_amd64.s:1264 +0x1 fp=0x145f36834fe8 sp=0x145f36834fe0 pc=0x498ea1
created by runtime.init.7 in goroutine 1
	/usr/local/go/src/runtime/proc.go:375 +0x1a

goroutine 3 gp=0x145f3675d2c0 m=nil [GC sweep wait]:
runtime.gopark(0x1?, 0x0?, 0x0?, 0x0?, 0x0?)
	/usr/local/go/src/runtime/proc.go:474 +0xca fp=0x145f36835788 sp=0x145f36835768 pc=0x491b8a
runtime.goparkunlock(...)
	/usr/local/go/src/runtime/proc.go:480
runtime.bgsweep(0x145f3685e000)
	/usr/local/go/src/runtime/mgcsweep.go:324 +0x151 fp=0x145f368357c8 sp=0x145f36835788 pc=0x43ffb1
runtime.gcenable.gowrap1()
	/usr/local/go/src/runtime/mgc.go:214 +0x17 fp=0x145f368357e0 sp=0x145f368357c8 pc=0x486f97
runtime.goexit({})
	/usr/local/go/src/runtime/asm_amd64.s:1264 +0x1 fp=0x145f368357e8 sp=0x145f368357e0 pc=0x498ea1
created by runtime.gcenable in goroutine 1
	/usr/local/go/src/runtime/mgc.go:214 +0x66

goroutine 4 gp=0x145f3675d4a0 m=nil [GC scavenge wait]:
runtime.gopark(0x10000?, 0x1941ed8?, 0x0?, 0x0?, 0x0?)
	/usr/local/go/src/runtime/proc.go:474 +0xca fp=0x145f36835f78 sp=0x145f36835f58 pc=0x491b8a
runtime.goparkunlock(...)
	/usr/local/go/src/runtime/proc.go:480
runtime.(*scavengerState).park(0x30bd860)
	/usr/local/go/src/runtime/mgcscavenge.go:425 +0x49 fp=0x145f36835fa8 sp=0x145f36835f78 pc=0x43daa9
runtime.bgscavenge(0x145f3685e000)
	/usr/local/go/src/runtime/mgcscavenge.go:658 +0x59 fp=0x145f36835fc8 sp=0x145f36835fa8 pc=0x43e019
runtime.gcenable.gowrap2()
	/usr/local/go/src/runtime/mgc.go:215 +0x17 fp=0x145f36835fe0 sp=0x145f36835fc8 pc=0x486f57
runtime.goexit({})
	/usr/local/go/src/runtime/asm_amd64.s:1264 +0x1 fp=0x145f36835fe8 sp=0x145f36835fe0 pc=0x498ea1
created by 0xf2087d0c0d0)
	/project/core/pkg/server/server.go:runtime.gcenable in goroutine 147 +0x9b fp=10xf2087f17fc8 sp=
0xf2087f17f50 pc=0x1802f5b
	/usr/local/go/src/runtime/mgc.go:215 +0xa5
github.com/wandb/wandb/core/pkg/server.(*Server).Serve.gowrap1()
	/project/core/pkg/server/server.go:186 +0x17 fp=0xf2087f17fe0 sp=0xf2087f17fc8 pc=0x1804c77

goroutine 18 gp=runtime.goexit0x145f369043c0( m=nil{ [}GOMAXPROCS updater (idle))
	/usr/local/go/src/runtime/asm_amd64.s, :11264 minutes +]0x1 fp=:
0xf2087f17fe8 sp=0xf2087f17fe0 pc=0x498ea1
created by github.com/wandb/wandb/core/pkg/server.(*Server).Serve in goroutine 68
	/project/core/pkg/server/server.go:186 +0x18f

goroutine runtime.gopark70( gp=0xf2087b1ab40 m=nil [IO wait, 1 minutes]:
0x0?, 0x0?, 0x0?, 0x0?, 0x0?)
	/usr/local/go/src/runtime/proc.go:474 +0xca fp=0x145f36830788 sp=0x145f36830768 pc=0x491b8a
runtime.gopark(0x0?, 0x0?, 0x0?, 0x0?, 0x0?)
	/usr/local/go/src/runtime/proc.go:474 +0xca fp=0xf2088407c08 sp=0xf2088407be8 pc=0x491b8a
runtime.goparkunlock(...)
	/usr/local/go/src/runtime/proc.go:480
runtime.updateMaxProcsGoroutine()
	/usr/local/go/src/runtime/proc.go:7146 +0xe7 fp=0x145f368307e0 sp=0x145f36830788 pc=0x464e27
runtime.goexit({})
	/usr/local/go/src/runtime/asm_amd64.s:1264 +runtime.netpollblock(0x10xf20876ebc80 fp=?0x145f368307e8, 0x4973d2 sp=?0x145f368307e0,  pc=0x00x498ea1?
)
	created by /usr/local/go/src/runtime/netpoll.go:runtime.defaultGOMAXPROCSUpdateEnable575 in goroutine  +10xf7
 fp=0xf2088407c40 sp=0xf2088407c08 pc=0x450557
	/usr/local/go/src/runtime/proc.go:7134 +0x37
internal/poll.runtime_pollWait(0x15134aa24000, 0x72)
	/usr/local/go/src/runtime/netpoll.go:351 +0x85 fp=0xf2088407c60 sp=
0xf2088407c40goroutine  pc=340x490d85
 gp=0x145f368843c0 m=nil [finalizer wait, 1 minutes]:
runtime.gopark(0x0?, 0x0?, 0x0?, 0x0?, 0x0?)
	/usr/local/go/src/runtime/proc.go:474 +0xca fp=0x145f3689c620 sp=0x145f3689c600 pc=0x491b8a
runtime.runFinalizers()
	/usr/local/go/src/runtime/mfinal.go:210 +0x107 fp=0x145f3689c7e0 sp=0x145f3689c620 pc=0x431007
runtime.goexit({})
	/usr/local/go/src/runtime/asm_amd64.s:1264 +0x1 fp=0x145f3689c7e8 sp=0x145f3689c7e0 pc=0x498ea1
created by runtime.createfing in goroutine 1
	/usr/local/go/src/runtime/mfinal.go:172 +0x3d

goroutine 50 gp=0x145f36aad680 m=nil [cleanup wait, 1 minutes]:
runtime.gopark(0x0?, 0x0?, 0x0?, 0x0?, 0x0?)
	/usr/local/go/src/runtime/proc.go:474 +0xca fp=0x145f36898768 sp=0x145f36898748 pc=0x491b8a
internal/poll.(*pollDesc).wait(0xf2087828480?, 0xf20876e0118?, 0x0)
	/usr/local/go/src/internal/poll/fd_poll_runtime.go:84 +0x27 fp=0xf2088407c98 sp=0xf2088407c60 pc=0x509787
runtime.goparkunlock(...)
	/usr/local/go/src/runtime/proc.go:480
runtime.(*cleanupQueue).dequeue(0x30bde40)
	/usr/local/go/src/runtime/mcleanup.go:522 +0xd3 fp=0x145f368987a0 sp=0x145f36898768 pc=0x42d5b3
runtime.runCleanups()
	/usr/local/go/src/runtime/mcleanup.go:718 +0x45 fp=0x145f368987e0 sp=0x145f368987a0 pc=0x42dc25
runtime.goexit(internal/poll.(*pollDesc).waitRead{}()
...	)
/usr/local/go/src/runtime/asm_amd64.s	:/usr/local/go/src/internal/poll/fd_poll_runtime.go1264: +890x1
 fp=0x145f368987e8internal/poll.(*FD).Accept sp=(0x145f368987e00xf2087828480 pc=)
0x498ea1	
/usr/local/go/src/internal/poll/fd_unix.go:created by 618runtime.(*cleanupQueue).createGs +0x27d in goroutine  fp=10xf2088407d40 sp=
0xf2088407c98	 pc=/usr/local/go/src/runtime/mcleanup.go0x50e21d:
672 +0xa5

goroutine 39 gp=0x145f368845a0 m=nil [GC worker (idle), 1 minutes]:
runtime.gopark(0x0?, 0x145f3689cfa8?, 0x5d?, 0xcd?, 0x145f3689cf88?)
	/usr/local/go/src/runtime/proc.go:474 +0xca fp=0x145f3689cf40 sp=0x145f3689cf20 pc=0x491b8a
runtime.gcBgMarkWorker(0x145f36b1e070)
	/usr/local/go/src/runtime/mgc.gonet.(*netFD).accept(:18070xf2087828480)
 +	0xeb/usr/local/go/src/net/fd_unix.go fp=:0x145f3689cfc8149 sp= +0x145f3689cf400x29 fp= pc=0xf2088407df80x43444b sp=
0xf2088407d40 pc=0x6f0029
runtime.gcBgMarkStartWorkers.gowrap1()
	/usr/local/go/src/runtime/mgc.go:1711 +0x17 fp=0x145f3689cfe0 sp=0x145f3689cfc8 pc=0x487497
runtime.goexit({})
	/usr/local/go/src/runtime/asm_amd64.s:1264 +0x1 fp=0x145f3689cfe8 sp=0x145f3689cfe0 pc=0x498ea1
created by runtime.gcBgMarkStartWorkers in goroutine 1
	/usr/local/go/src/runtime/mgc.go:1711 +0xfc

goroutine 40 gp=0x145f36885680 m=nil [GC worker (idle), 1 minutes]:
runtime.gopark(0x0?, 0x0?, 0x0?, 0x0?, 0x0?)
	/usr/local/go/src/runtime/proc.go:474net.(*UnixListener).accept +(0xca0xf20876ebe60 fp=?0x145f3689d740)
 sp=	/usr/local/go/src/net/unixsock_posix.go0x145f3689d720: pc=1720x491b8a +
0x16 fp=0xf2088407e30runtime.gcBgMarkWorker sp=(0xf2088407df80x145f36b1e070 pc=)
0x70cf36	
/usr/local/go/src/runtime/mgc.go:1807 +0xeb fp=0x145f3689d7c8 sp=0x145f3689d740 pc=0x43444b
runtime.gcBgMarkStartWorkers.gowrap1()
	/usr/local/go/src/runtime/mgc.go:1711 +0x17 fp=0x145f3689d7e0 sp=0x145f3689d7c8 pc=0x487497
runtime.goexit({})
	/usr/local/go/src/runtime/asm_amd64.s:1264 +0x1 fp=0x145f3689d7e8 sp=0x145f3689d7e0 pc=0x498ea1
created by runtime.gcBgMarkStartWorkers in goroutine net.(*UnixListener).Accept1(0xf2087d001e0
)
		/usr/local/go/src/net/unixsock.go/usr/local/go/src/runtime/mgc.go::2751711 + +0x30 fp=0xfc0xf2088407e70
 sp=0xf2088407e30 pc=
0x70bb70goroutine 
52github.com/wandb/wandb/core/pkg/server.(*Server).acceptConnections( gp=0xf2087d0c0d00x145f36aada40,  m=nil{ [0x2f6cb28GC worker (idle), , 0xf20879a01401} minutes])
	:
/project/core/pkg/server/server.go:236 +0xcfruntime.gopark fp=(0xf2088407f88 sp=0xf2088407e70 pc=0x180386f0x0
?, 0x0?, 0x0?, 0x0?, 0x0?)
	/usr/local/go/src/runtime/proc.go:474 +0xca fp=0x145f36898f40 sp=0x145f36898f20 pc=0x491b8a
runtime.gcBgMarkWorker(0x145f36b1e070)
	/usr/local/go/src/runtime/mgc.go:1807 +0xeb fp=0x145f36898fc8 sp=0x145f36898f40 pc=0x43444b
runtime.gcBgMarkStartWorkers.gowrap1()
	/usr/local/go/src/runtime/mgc.go:1711 +0x17 fp=0x145f36898fe0 sp=0x145f36898fc8 pc=0x487497
runtime.goexit({})
	/usr/local/go/src/runtime/asm_amd64.s:1264github.com/wandb/wandb/core/pkg/server.(*Server).Serve.func2 +(0x1 fp=)
0x145f36898fe8	 sp=/project/core/pkg/server/server.go0x145f36898fe0: pc=0x498ea1
196created by  +runtime.gcBgMarkStartWorkers0x1f in goroutine  fp=10xf2088407fb0
 sp=0xf2088407f88 pc=	0x1804c3f
/usr/local/go/src/runtime/mgc.go:1711 +0xfc

goroutine 22 gp=0x145f36904b40 m=nil [GC worker (idle), 1 minutes]:
runtime.gopark(0x0?, 0x0?, 0x0?, 0x0?, 0x0?)
	/usr/local/go/src/runtime/proc.go:474 +0xca fp=0x145f36830f40 sp=0x145f36830f20 pc=0x491b8a
sync.(*WaitGroup).Go.func1(runtime.gcBgMarkWorker)
(	0x145f36b1e070/usr/local/go/src/sync/waitgroup.go)
:	258/usr/local/go/src/runtime/mgc.go +:0x4a1807 fp= +0xf2088407fe0 sp=0xeb0xf2088407fb0 fp= pc=0x145f36830fc80x4a402a sp=
0x145f36830f40 pc=0x43444b
runtime.gcBgMarkStartWorkers.gowrap1runtime.goexit(()
	{/usr/local/go/src/runtime/mgc.go})
:	1711/usr/local/go/src/runtime/asm_amd64.s +:0x171264 fp= +0x145f36830fe00x1 sp= fp=0x145f36830fc80xf2088407fe8 pc= sp=0x4874970xf2088407fe0
 pc=0x498ea1runtime.goexit
({}created by )
sync.(*WaitGroup).Go	 in goroutine /usr/local/go/src/runtime/asm_amd64.s68:
1264	 +/usr/local/go/src/sync/waitgroup.go0x1: fp=2380x145f36830fe8 + sp=0x7d0x145f36830fe0
 pc=0x498ea1
created by runtime.gcBgMarkStartWorkers
 in goroutine goroutine 126
 gp=0xf2087d823c0	 m=nil/usr/local/go/src/runtime/mgc.go [:chan receive1711,  +10xfc minutes
]
:
goroutine 53 gp=runtime.gopark0x145f36aadc20( m=nil0x1513920bca00 [?GC worker (idle), 0x2bc8db0, ?1,  minutes0x0]?:
, 0x0?runtime.gopark, (0xf20878fdd68?0x0)
?	, /usr/local/go/src/runtime/proc.go0x0:?474,  +0x00xca? fp=, 0xf2087f13cd80x0 sp=?0xf2087f13cb8,  pc=0x00x491b8a?
)
	/usr/local/go/src/runtime/proc.go:474 +0xca fp=0x145f36899740 sp=0x145f36899720 pc=0x491b8a
runtime.gcBgMarkWorker(0x145f36b1e070)
	/usr/local/go/src/runtime/mgc.go:1807 +0xeb fp=0x145f368997c8 sp=0x145f36899740 pc=0x43444b
runtime.gcBgMarkStartWorkers.gowrap1()
	/usr/local/go/src/runtime/mgc.go:1711 +0x17 fp=0x145f368997e0 sp=0x145f368997c8 pc=0x487497
runtime.goexit({})
	/usr/local/go/src/runtime/asm_amd64.s:1264 +0x1 fp=0x145f368997e8 sp=0x145f368997e0 pc=0x498ea1
created by runtime.gcBgMarkStartWorkers in goroutine 1
	/usr/local/go/src/runtime/mgc.go:1711 +0xfc

goroutine 41 gp=0x145f36885860 m=nil [GC worker (idle), 1 minutes]:
runtime.gopark(0x0?, 0x0?, 0x0?, 0x0?, 0x0?)
	/usr/local/go/src/runtime/proc.go:474 +0xca fp=0x145f3689df40 sp=0x145f3689df20 pc=0x491b8a
runtime.gcBgMarkWorkerruntime.chanrecv((0x145f36b1e0700xf20876e2310, )
0x0, 	0x1/usr/local/go/src/runtime/mgc.go)
	:/usr/local/go/src/runtime/chan.go1807:667 + +0xeb0x4ae fp= fp=0x145f3689dfc80xf2087f13d50 sp= sp=0xf2087f13cd80x145f3689df40 pc= pc=0x41d38e
0x43444bruntime.chanrecv1
(runtime.gcBgMarkStartWorkers.gowrap10xf20876cc0f0(?)
, 	0xf2087aca600/usr/local/go/src/runtime/mgc.go?:)
1711	 +/usr/local/go/src/runtime/chan.go0x17: fp=509 +0x145f3689dfe00x12 sp= fp=0x145f3689dfc80xf2087f13d78 pc= sp=0x4874970xf2087f13d50 pc=
0x41ceb2runtime.goexit
({})
	/usr/local/go/src/runtime/asm_amd64.s:1264 +0x1 fp=0x145f3689dfe8 sp=0x145f3689dfe0 pc=0x498ea1
created by runtime.gcBgMarkStartWorkers in goroutine 1
	/usr/local/go/src/runtime/mgc.go:1711 +0xfc

goroutine 23 gp=0x145f36904d20 m=nil [GC worker (idle), 1 minutes]:
runtime.gopark(0x0?, 0x0?, 0x0?, 0x0?, 0x0?)
	/usr/local/go/src/runtime/proc.go:474 +0xca fp=0x145f36831740 sp=0x145f36831720 pc=0x491b8a
runtime.gcBgMarkWorker(0x145f36b1e070)
	/usr/local/go/src/runtime/mgc.gogithub.com/wandb/wandb/core/pkg/server.(*Connection).ManageConnectionData:(18070xf2087bec320 +)
0xeb	 fp=/project/core/pkg/server/connection.go:0x145f368317c8154 + sp=0x1f90x145f36831740 fp= pc=0xf2087f13e28 sp=0xf2087f13d780x43444b pc=0x17fe259

runtime.gcBgMarkStartWorkers.gowrap1()
	/usr/local/go/src/runtime/mgc.gogithub.com/wandb/wandb/core/pkg/server.(*Server).handleConnection:(17110xf2087d0c0d0 +, 0x17{ fp=0x2f737280x145f368317e0,  sp=0xf2087c020180x145f368317c8} pc=)
0x487497	
/project/core/pkg/server/server.go:runtime.goexit303( +{0x265 fp=}0xf2087f13f50)
 sp=	0xf2087f13e28/usr/local/go/src/runtime/asm_amd64.s pc=:0x1803ec51264
 +0x1 fp=0x145f368317e8 sp=0x145f368317e0 pc=0x498ea1
created by runtime.gcBgMarkStartWorkers in goroutine 1
	/usr/local/go/src/runtime/mgc.go:1711 +0xfc

goroutine 54 gp=github.com/wandb/wandb/core/pkg/server.(*Server).acceptConnections.func10x145f36c80000( m=nil)
 [	GC worker (idle)/project/core/pkg/server/server.go:, 2741 + minutes0x72 fp=]0xf2087f13fb0 sp=:
0xf2087f13f50 pc=0x1804df2runtime.gopark
(sync.(*WaitGroup).Go.func1(0x0)
	/usr/local/go/src/sync/waitgroup.go?:, 258 +0x4a fp=0xf2087f13fe0 sp=0xf2087f13fb0 pc=0x4a402a
runtime.goexit({0x0}?)
, 	0x0/usr/local/go/src/runtime/asm_amd64.s?:, 12640x0 +?0x1,  fp=0x00xf2087f13fe8? sp=0xf2087f13fe0)
 pc=	0x498ea1/usr/local/go/src/runtime/proc.go
:created by 474sync.(*WaitGroup).Go + in goroutine 0xca70
 fp=	0x145f36899f40/usr/local/go/src/sync/waitgroup.go: sp=2380x145f36899f20 + pc=0x7d

0x491b8agoroutine 
71 gp=runtime.gcBgMarkWorker0xf2087b1ad20 m=nil( [0x145f36b1e070IO wait)
]	:
/usr/local/go/src/runtime/mgc.go:1807 +0xebruntime.gopark fp=(0x145f36899fc80x2 sp=?0x145f36899f40,  pc=0x43444b0xf2087bc5508
?, runtime.gcBgMarkStartWorkers.gowrap10x0(?)
, 	0x0/usr/local/go/src/runtime/mgc.go?:, 17110x2ad55c0 +?0x17)
 fp=	0x145f36899fe0/usr/local/go/src/runtime/proc.go sp=:0x145f36899fc8474 pc= +0x4874970xca
 fp=runtime.goexit0xf208807bb38( sp={0xf208807bb18} pc=)
0x491b8a	
/usr/local/go/src/runtime/asm_amd64.s:1264 +0x1 fp=0x145f36899fe8runtime.netpollblock sp=(0x145f36899fe00xffffffffffffffff? pc=, 0x498ea10x8807bbb8
?created by runtime.gcBgMarkStartWorkers,  in goroutine 0x201?
)
		/usr/local/go/src/runtime/netpoll.go/usr/local/go/src/runtime/mgc.go::5751711 + +0xf70xfc fp=
0xf208807bb70 sp=0xf208807bb38
 pc=0x450557goroutine 
42internal/poll.runtime_pollWait gp=(0x145f36885a400x15134aa23e00 m=nil,  [0x72GC worker (idle))
, 	1/usr/local/go/src/runtime/netpoll.go minutes:]351:
 +0x85 fp=runtime.gopark0xf208807bb90( sp=0xf208807bb700x0 pc=?0x490d85, 
0x0?internal/poll.(*pollDesc).wait, (0x00xf20877b2300??, , 0x00xf2088f8848d??, , 0x00x0?)
)
	/usr/local/go/src/internal/poll/fd_poll_runtime.go	:/usr/local/go/src/runtime/proc.go84: +4740x27 + fp=0xca0xf208807bbc8 fp= sp=0x145f3689e7400xf208807bb90 sp= pc=0x145f3689e7200x509787 pc=
0x491b8a
runtime.gcBgMarkWorkerinternal/poll.(*pollDesc).waitRead((0x145f36b1e070...)
)
		/usr/local/go/src/runtime/mgc.go/usr/local/go/src/internal/poll/fd_poll_runtime.go::180789 +
0xeb fp=0x145f3689e7c8 sp=internal/poll.(*FD).Read0x145f3689e740( pc=0xf20877b23000x43444b, 
{runtime.gcBgMarkStartWorkers.gowrap10xf2088f8848d(, )
0x1ffb73	, /usr/local/go/src/runtime/mgc.go:0x1ffb731711} +)
0x17	 fp=/usr/local/go/src/internal/poll/fd_unix.go0x145f3689e7e0: sp=1700x145f3689e7c8 + pc=0x2a80x487497 fp=
0xf208807bc60runtime.goexit sp=({0xf208807bbc8} pc=)
0x50a808	
/usr/local/go/src/runtime/asm_amd64.s:1264net.(*netFD).Read +(0x10xf20877b2300 fp=, 0x145f3689e7e8{ sp=0xf2088f8848d0x145f3689e7e0? pc=, 0x498ea10xf208807bcd0
?, created by 0x48637eruntime.gcBgMarkStartWorkers? in goroutine }1)

	/usr/local/go/src/net/fd_posix.go	:/usr/local/go/src/runtime/mgc.go68: +17110x25 + fp=0xfc0xf208807bca8
 sp=0xf208807bc60
 pc=goroutine 0x6ee38524
 gp=0x145f36904f00 m=nil [GC worker (idle), 1 minutes]:
runtime.gopark(0x0?, 0x0?, 0x0?, 0x0?, 0x0?)
	/usr/local/go/src/runtime/proc.go:474 +0xca fp=0x145f36831f40 sp=0x145f36831f20 pc=0x491b8a
runtime.gcBgMarkWorker(0x145f36b1e070)
	/usr/local/go/src/runtime/mgc.go:1807 +0xeb fp=0x145f36831fc8 sp=0x145f36831f40 pc=0x43444b
runtime.gcBgMarkStartWorkers.gowrap1()
	/usr/local/go/src/runtime/mgc.go:1711 +0x17 fp=0x145f36831fe0 sp=0x145f36831fc8 pc=0x487497
runtime.goexitnet.(*conn).Read(({0xf2087c02018}, )
{	0xf2088f8848d/usr/local/go/src/runtime/asm_amd64.s?:, 12640x4863a0 +?0x1,  fp=0xf2087b1af000x145f36831fe8?} sp=)
0x145f36831fe0 pc=	/usr/local/go/src/net/net.go0x498ea1:
196 +created by 0x45runtime.gcBgMarkStartWorkers fp=0xf208807bcf0 in goroutine  sp=10xf208807bca8
 pc=0x6fd765	
/usr/local/go/src/runtime/mgc.go:1711 +0xfc

goroutine 55 gp=0x145f36c801e0 m=nil [GC worker (idle), 1 minutes]:
runtime.gopark(0x0?, 0x0?, 0x0?, 0x0?, 0x0?)
	/usr/local/go/src/runtime/proc.go:474 +0xca fp=0x145f3689a740 sp=0x145f3689a720 pc=0x491b8a
runtime.gcBgMarkWorker(0x145f36b1e070)
	/usr/local/go/src/runtime/mgc.go:1807 +0xeb fp=0x145f3689a7c8 sp=0x145f3689a740 pc=0x43444b
runtime.gcBgMarkStartWorkers.gowrap1()
	/usr/local/go/src/runtime/mgc.go:1711 +0x17 fp=0x145f3689a7e0 sp=0x145f3689a7c8 pc=0x487497
runtime.goexit({})
	/usr/local/go/src/runtime/asm_amd64.s:1264 +0x1 fp=0x145f3689a7e8 sp=0x145f3689a7e0 pc=0x498ea1
created by runtime.gcBgMarkStartWorkers in goroutine 1
	/usr/local/go/src/runtime/mgc.go:1711 +0xfc

goroutine 56 gp=0x145f36c803c0 m=nil [GC worker (idle), 1 minutes]:
runtime.gopark(0x0?, 0x0?, 0x0?, 0x0bufio.(*Scanner).Scan(?0xf208807bf00, )
0x0	?/usr/local/go/src/bufio/scan.go:)
219	 +0x47b/usr/local/go/src/runtime/proc.go fp=:0xf208807bdc8474 sp= +0xf208807bcf00xca pc= fp=0x5c4c3b0x145f3689af40
 sp=github.com/wandb/wandb/core/pkg/server.(*Connection).processIncomingData(0x145f3689af200xf2087bec320 pc=)
0x491b8a	
/project/core/pkg/server/connection.go:runtime.gcBgMarkWorker254( +0x145f36b1e0700x137)
 fp=0xf208807bf98	 sp=/usr/local/go/src/runtime/mgc.go0xf208807bdc8: pc=18070x17fecb7 +
0xeb fp=0x145f3689afc8 sp=0x145f3689af40 pc=0x43444b
runtime.gcBgMarkStartWorkers.gowrap1()
	/usr/local/go/src/runtime/mgc.go:1711 +0x17 fp=0x145f3689afe0 sp=0x145f3689afc8 pc=0x487497
runtime.goexit({})
	/usr/local/go/src/runtime/asm_amd64.s:1264 +0x1 fp=0x145f3689afe8 sp=0x145f3689afe0 pc=0x498ea1
created by runtime.gcBgMarkStartWorkers in goroutine 1
	/usr/local/go/src/runtime/mgc.go:1711 +0xfc

goroutine 57 gp=0x145f36c805a0 m=nil [GC worker (idle)]:
runtime.gopark(0x2a83d54f82a1a?, 0x0?, 0x0?, 0x0?, 0x0?)
	/usr/local/go/src/runtime/proc.go:474 +0xca fp=0x145f3689b740 sp=0x145f3689b720 pc=0x491b8a
runtime.gcBgMarkWorker(0x145f36b1e070)
	/usr/local/go/src/runtime/mgc.go:1807 +0xeb fp=0x145f3689b7c8 sp=0x145f3689b740 pc=0x43444b
runtime.gcBgMarkStartWorkers.gowrap1()
	/usr/local/go/src/runtime/mgc.go:1711 +0x17 fp=0x145f3689b7e0 sp=0x145f3689b7c8github.com/wandb/wandb/core/pkg/server.(*Connection).processIncomingData-fm pc=(0x487497)

	runtime.goexit<autogenerated>(:{1} +)
0x17	 fp=/usr/local/go/src/runtime/asm_amd64.s0xf208807bfb0: sp=0xf208807bf981264 pc=0x1805097 +
0x1 fp=0x145f3689b7e8sync.(*WaitGroup).Go.func1 sp=(0x145f3689b7e0)
 pc=	0x498ea1/usr/local/go/src/sync/waitgroup.go
:created by 258runtime.gcBgMarkStartWorkers + in goroutine 0x4a1 fp=
0xf208807bfe0	 sp=/usr/local/go/src/runtime/mgc.go0xf208807bfb0 pc=0x4a402a:
1711runtime.goexit +(0xfc{}
)
	
/usr/local/go/src/runtime/asm_amd64.sgoroutine :581264 +0x1 gp= fp=0x145f36c807800xf208807bfe8 m=nil sp= [0xf208807bfe0GC worker (idle) pc=0x498ea1]
:
created by sync.(*WaitGroup).Go in goroutine runtime.gopark26(
0x30f6ac0	/usr/local/go/src/sync/waitgroup.go?:, 2380x1 +?0x7d, 
0x68?, 
goroutine 0x1572? gp=, 0xf2087b1af000x0 m=nil? [)
chan receive	]/usr/local/go/src/runtime/proc.go::
474 +0xcaruntime.gopark fp=(0x145f3689bf400xf2087d8c460 sp=?0x145f3689bf20,  pc=0xf2088b2ac300x491b8a?
, runtime.gcBgMarkWorker0xfd(?0x145f36b1e070, 0x3e)
?	, /usr/local/go/src/runtime/mgc.go0x151349e21bd0:?1807)
 +	/usr/local/go/src/runtime/proc.go:0xeb474 fp= +0x145f3689bfc80xca sp= fp=0x145f3689bf400xf2088e07d78 pc= sp=0x43444b0xf2088e07d58
 pc=runtime.gcBgMarkStartWorkers.gowrap10x491b8a
()
	/usr/local/go/src/runtime/mgc.go:1711 +0x17runtime.chanrecv fp=(0x145f3689bfe00xf2087d8c3f0 sp=, 0x145f3689bfc80xf2088e07eb8 pc=, 0x4874970x1
)
	runtime.goexit/usr/local/go/src/runtime/chan.go(:{667} +)
0x4ae	 fp=/usr/local/go/src/runtime/asm_amd64.s0xf2088e07df0: sp=12640xf2088e07d78 + pc=0x10x41d38e fp=
0x145f3689bfe8 sp=0x145f3689bfe0 pc=0x498ea1
created by runtime.gcBgMarkStartWorkers in goroutine 1
	/usr/local/go/src/runtime/mgc.go:1711 +0xfc

goroutine 59 gp=runtime.chanrecv20x145f36c80960( m=nil [0xf2087bec320GC worker (idle)?], 0xf2088b23bd0?:
)
	/usr/local/go/src/runtime/chan.go:runtime.gopark514 +(0x120x2a83d54a94bda fp=?0xf2088e07e18,  sp=0x10xf2088e07df0? pc=0x41ced2, 
0xad?, github.com/wandb/wandb/core/pkg/server.(*Connection).handleIncomingRequests0xbc(?0xf2087bec320, )
0x0	?/project/core/pkg/server/connection.go:)
335 +0x15d	 fp=0xf2088e07f98/usr/local/go/src/runtime/proc.go sp=:0xf2088e07e18 pc=4740x17ff27d +
0xca fp=0x145f36c86740github.com/wandb/wandb/core/pkg/server.(*Connection).handleIncomingRequests-fm sp=(0x145f36c86720)
 pc=	<autogenerated>0x491b8a:1 +
0x17 fp=0xf2088e07fb0runtime.gcBgMarkWorker sp=(0xf2088e07f98 pc=0x145f36b1e0700x18050d7)

	/usr/local/go/src/runtime/mgc.gosync.(*WaitGroup).Go.func1:()
1807	 +/usr/local/go/src/sync/waitgroup.go0xeb: fp=2580x145f36c867c8 + sp=0x4a0x145f36c86740 fp= pc=0xf2088e07fe00x43444b sp=
0xf2088e07fb0 pc=runtime.gcBgMarkStartWorkers.gowrap10x4a402a(
)
	runtime.goexit/usr/local/go/src/runtime/mgc.go(:{1711} +)
0x17	 fp=/usr/local/go/src/runtime/asm_amd64.s0x145f36c867e0: sp=12640x145f36c867c8 + pc=0x10x487497 fp=
0xf2088e07fe8 sp=0xf2088e07fe0 pc=0x498ea1runtime.goexit
({created by }sync.(*WaitGroup).Go in goroutine )
26	
/usr/local/go/src/runtime/asm_amd64.s	:/usr/local/go/src/sync/waitgroup.go1264: +238 +0x10x7d
 fp=
0x145f36c867e8 sp=goroutine 0x145f36c867e073 pc= gp=0x498ea10xf2087b1b0e0
 m=nil [selectcreated by ]runtime.gcBgMarkStartWorkers:
 in goroutine runtime.gopark1(
0xf2088e01e68	?/usr/local/go/src/runtime/mgc.go, :0x21711? +, 0xfc0x0
?, 
0x0goroutine ?60,  gp=0xf2088e01dd40x145f36c80b40? m=nil)
 [	/usr/local/go/src/runtime/proc.goGC worker (idle):474 +0xca fp=]0xf2088e01c40 sp=:
0xf2088e01c20 pc=0x491b8a
runtime.gopark(0x2f78e00?, 0x145f36add800?, 0x1c?, 0xa?, 0x0?)
	/usr/local/go/src/runtime/proc.go:474 +0xca fp=0x145f36c86f40 sp=0x145f36c86f20 pc=0x491b8a
runtime.gcBgMarkWorker(0x145f36b1e070)
	/usr/local/go/src/runtime/mgc.go:1807 +0xeb fp=0x145f36c86fc8 sp=0x145f36c86f40 pc=0x43444b
runtime.gcBgMarkStartWorkers.gowrap1()
	/usr/local/go/src/runtime/mgc.go:1711 +0x17 fp=0x145f36c86fe0 sp=0x145f36c86fc8 pc=0x487497
runtime.goexit({})
	/usr/local/go/src/runtime/asm_amd64.s:1264 +0x1 fp=0x145f36c86fe8 sp=0x145f36c86fe0 pc=0x498ea1
runtime.selectgocreated by (runtime.gcBgMarkStartWorkers in goroutine 0xf2088e01e681, 
0xf2088e01dd0, 	0x2f72cf8/usr/local/go/src/runtime/mgc.go?:, 17110x0 +0xfc, 
0x2ac5d28
?, goroutine 0x161)
 gp=	/usr/local/go/src/runtime/select.go0x145f36c80d20: m=nil [351GC worker (idle) +, 0xa971 fp= minutes0xf2088e01d80 sp=]0xf2088e01c40:
 pc=0x469bb7
runtime.gopark(0x2a835025360eagithub.com/wandb/wandb/core/pkg/server.(*Connection).processOutgoingData(?, 0xf2087bec3200x3)
?	, /project/core/pkg/server/connection.go0xad:193? +, 0x15b0xb2 fp=0xf2088e01f98? sp=, 0xf2088e01d800x0? pc=)
0x17fe4db	
/usr/local/go/src/runtime/proc.go:github.com/wandb/wandb/core/pkg/server.(*Connection).processOutgoingData-fm474( +)
0xca	 fp=<autogenerated>0x145f36c87740: sp=10x145f36c87720 + pc=0x170x491b8a fp=0xf2088e01fb0
 sp=0xf2088e01f98runtime.gcBgMarkWorker pc=(0x1805117
0x145f36b1e070)
sync.(*WaitGroup).Go.func1	(/usr/local/go/src/runtime/mgc.go)
:	1807/usr/local/go/src/sync/waitgroup.go +:0xeb258 fp= +0x4a0x145f36c877c8 fp= sp=0xf2088e01fe00x145f36c87740 sp= pc=0x43444b
0xf2088e01fb0runtime.gcBgMarkStartWorkers.gowrap1 pc=(0x4a402a
)
runtime.goexit	({/usr/local/go/src/runtime/mgc.go}:)
1711	 +/usr/local/go/src/runtime/asm_amd64.s0x17: fp=12640x145f36c877e0 + sp=0x1 fp=0x145f36c877c80xf2088e01fe8 pc= sp=0x4874970xf2088e01fe0
 pc=runtime.goexit0x498ea1(
{}created by )
sync.(*WaitGroup).Go	 in goroutine /usr/local/go/src/runtime/asm_amd64.s26
:	1264/usr/local/go/src/sync/waitgroup.go +:0x1238 + fp=0x7d0x145f36c877e8
 sp=0x145f36c877e0 pc=0x498ea1
created by runtime.gcBgMarkStartWorkers in goroutine 1
	/usr/local/go/src/runtime/mgc.go:1711 +0xfc

goroutine 62 gp=0x145f36c80f00 m=nil [GC worker (idle), 1 minutes]:
runtime.gopark(0x2a8350253560e?, 0x3?, 0xd8?, 0x9a?, 0x0?)
	/usr/local/go/src/runtime/proc.go:474 +0xca fp=0x145f36c87f40 sp=0x145f36c87f20 pc=0x491b8a
runtime.gcBgMarkWorker(0x145f36b1e070)
	/usr/local/go/src/runtime/mgc.go:1807 +0xeb fp=0x145f36c87fc8 sp=0x145f36c87f40 pc=0x43444b
runtime.gcBgMarkStartWorkers.gowrap1()
	/usr/local/go/src/runtime/mgc.go:1711 +0x17 fp=0x145f36c87fe0 sp=0x145f36c87fc8 pc=0x487497
runtime.goexit({})
	/usr/local/go/src/runtime/asm_amd64.s:1264 +0x1 fp=0x145f36c87fe8 sp=0x145f36c87fe0 pc=0x498ea1
created by runtime.gcBgMarkStartWorkers in goroutine 1
	/usr/local/go/src/runtime/mgc.go:1711 +0xfc

goroutine 63 gp=0x145f36c810e0 m=nil [GC worker (idle), 1 minutes]:
runtime.gopark(0x2a83502535690?, 0x1?, 0x19?, 0x61?, 0x0?)
	/usr/local/go/src/runtime/proc.go:474 +0xca fp=0x145f36c88740 sp=0x145f36c88720 pc=0x491b8a
runtime.gcBgMarkWorker(0x145f36b1e070)
	/usr/local/go/src/runtime/mgc.go:1807 +0xeb fp=0x145f36c887c8 sp=0x145f36c88740 pc=0x43444b
runtime.gcBgMarkStartWorkers.gowrap1()
	/usr/local/go/src/runtime/mgc.go:1711 +0x17 fp=0x145f36c887e0 sp=0x145f36c887c8 pc=0x487497
runtime.goexit({})
	/usr/local/go/src/runtime/asm_amd64.s:1264 +0x1 fp=0x145f36c887e8 sp=0x145f36c887e0 pc=0x498ea1
created by 
goroutine 74 gp=0xf2087b1b860 m=nil [select]:
runtime.gopark(0xf2088013f28?, 0x3?, 0x60?, 0xe8?, 0xf2088013efa?)
	/usr/local/go/src/runtime/proc.go:474 +0xca fp=0xf2088013d80 sp=0xf2088013d60 pc=0x491b8a
runtime.selectgo(0xf2088013f28, 0xf2088013ef4, 0xf2087c78870?, 0x0, 0x30c8540?, 0x1)
	/usr/local/go/src/runtime/select.go:351 +0xa97 fp=0xf2088013ec0 sp=0xf2088013d80 pc=0x469bb7
go.opentelemetry.io/otel/sdk/metric.(*PeriodicReader).run(0xf20876f1980, {0x2f6e7f0, 0xf2087c78870}, 0xdf8475800)
	/project/core/vendor/go.opentelemetry.io/otel/sdk/metric/periodic_reader.go:199 +0x125 fp=0xf2088013f90 sp=0xf2088013ec0 pc=0xb00f85
go.opentelemetry.io/otel/sdk/metric.NewPeriodicReader.func2()
	/project/core/vendor/go.opentelemetry.io/otel/sdk/metric/periodic_reader.go:137 +0x4f fp=0xf2088013fe0 sp=0xf2088013f90 pc=0xb08fcf
runtime.goexit({})
	/usr/local/go/src/runtime/asm_amd64.s:1264 +0x1 fp=0xf2088013fe8 sp=0xf2088013fe0 pc=0x498ea1
created by go.opentelemetry.io/otel/sdk/metric.NewPeriodicReader in goroutine 72
	/project/core/vendor/go.opentelemetry.io/otel/sdk/metric/periodic_reader.go:135 +0x2e5

goroutine 13 gp=0xf2087d82d20 m=nil [select]:
runtime.gopark(0xf2087769f18?, 0x4?, 0x78?, 0x9d?, 0xf2087769ea8?)
	/usr/local/go/src/runtime/proc.go:474 +0xca fp=0xf2087769d28 sp=0xf2087769d08 pc=0x491b8a
runtime.selectgo(0xf2087769f18, 0xf2087769ea0, 0x200?, 0x0, 0x0?, 0x1)
	/usr/local/go/src/runtime/select.go:351 +0xa97 fp=0xf2087769e68 sp=0xf2087769d28 pc=0x469bb7
go.opentelemetry.io/otel/sdk/log.(*BatchProcessor).process.func1()
	/project/core/vendor/go.opentelemetry.io/otel/sdk/log/batch.go:170 +0x299 fp=0xf2087769fe0 sp=0xf2087769e68 pc=0xad8e59
runtime.goexit({})
	/usr/local/go/src/runtime/asm_amd64.s:1264 +0x1 fp=0xf2087769fe8 sp=0xf2087769fe0 pc=0x498ea1
created by go.opentelemetry.io/otel/sdk/log.(*BatchProcessor).process in goroutine 72
	/project/core/vendor/go.opentelemetry.io/otel/sdk/log/batch.go:132 +0x67

goroutine 14 gp=0xf2087d82f00 m=nil [chan receive, 1 minutes]:
runtime.gopark(0x0?, 0x0?, 0x0?, 0x0?, 0x0?)
	/usr/local/go/src/runtime/proc.go:474 +0xca fp=0xf2087b13eb0 sp=0xf2087b13e90 pc=0x491b8a
runtime.chanrecv(0xf20876e2310, 0x0, 0x1)
	/usr/local/go/src/runtime/chan.go:667 +0x4ae fp=0xf2087b13f28 sp=0xf2087b13eb0 pc=0x41d38e
runtime.chanrecv1(0x0?, 0x0?)
	/usr/local/go/src/runtime/chan.go:509 +0x12 fp=0xf2087b13f50 sp=0xf2087b13f28 pc=0x41ceb2
github.com/wandb/wandb/core/pkg/server.(*Connection).handleApiInit.func1()
	/project/core/pkg/server/connection.go:698 +0x45 fp=0xf2087b13fe0 sp=0xf2087b13f50 pc=0x1804765
runtime.goexit({})
	/usr/local/go/src/runtime/asm_amd64.s:1264 +0x1 fp=0xf2087b13fe8 sp=0xf2087b13fe0 pc=0x498ea1
created by github.com/wandb/wandb/core/pkg/server.(*Connection).handleApiInit in goroutine 72
	/project/core/pkg/server/connection.go:697 +0x12b

goroutine 15 gp=0xf2087d834a0 m=nil [select]:
runtime.gopark(0xf208807df28?, 0x3?, 0x60?, 0xe8?, 0xf208807defa?)
	/usr/local/go/src/runtime/proc.go:474 +0xca fp=0xf208807dd80 sp=0xf208807dd60 pc=0x491b8a
runtime.selectgo(0xf208807df28, 0xf208807def4, 0xf2087c78460?, 0x0, 0x0?, 0x1)
	/usr/local/go/src/runtime/select.go:351 +0xa97 fp=0xf208807dec0 sp=0xf208807dd80 pc=0x469bb7
go.opentelemetry.io/otel/sdk/metric.(*PeriodicReader).run(0xf20876f00c0, {0x2f6e7f0, 0xf2087c78460}, 0xdf8475800)
	/project/core/vendor/go.opentelemetry.io/otel/sdk/metric/periodic_reader.go:199 +0x125 fp=0xf208807df90 sp=0xf208807dec0 pc=0xb00f85
go.opentelemetry.io/otel/sdk/metric.NewPeriodicReader.func2()
	/project/core/vendor/go.opentelemetry.io/otel/sdk/metric/periodic_reader.go:137 +0x4f fp=0xf208807dfe0 sp=0xf208807df90 pc=0xb08fcf
runtime.goexit({})
	/usr/local/go/src/runtime/asm_amd64.s:1264 +0x1 fp=0xf208807dfe8 sp=0xf208807dfe0 pc=0x498ea1
created by go.opentelemetry.io/otel/sdk/metric.NewPeriodicReader in goroutine 72
	/project/core/vendor/go.opentelemetry.io/otel/sdk/metric/periodic_reader.go:135 +0x2e5

goroutine 16 gp=0xf2087d83680 m=nil [select]:
runtime.gopark(0xf2087f14f18?, 0x4?, 0x78?, 0x4d?, 0xf2087f14ea8?)
	/usr/local/go/src/runtime/proc.go:474 +0xca fp=0xf2087f14d28 sp=0xf2087f14d08 pc=0x491b8a
runtime.selectgo(0xf2087f14f18, 0xf2087f14ea0, 0x200?, 0x0, 0x0?, 0x1)
	/usr/local/go/src/runtime/select.go:351 +0xa97 fp=0xf2087f14e68 sp=0xf2087f14d28 pc=0x469bb7
go.opentelemetry.io/otel/sdk/log.(*BatchProcessor).process.func1()
	/project/core/vendor/go.opentelemetry.io/otel/sdk/log/batch.go:170 +0x299 fp=0xf2087f14fe0 sp=0xf2087f14e68 pc=0xad8e59
runtime.goexit({})
	/usr/local/go/src/runtime/asm_amd64.s:1264 +0x1 fp=0xf2087f14fe8 sp=0xf2087f14fe0 pc=0x498ea1
created by go.opentelemetry.io/otel/sdk/log.(*BatchProcessor).process in goroutine 72
	/project/core/vendor/go.opentelemetry.io/otel/sdk/log/batch.go:132 +0x67

goroutine 27 gp=0xf2087a55860 m=nil [select]:
runtime.gopark(0xf2088e03f28?, 0x3?, 0x60?, 0xe8?, 0xf2088e03efa?)
	/usr/local/go/src/runtime/proc.go:474 +0xca fp=0xf2088e03d80 sp=0xf2088e03d60 pc=0x491b8a
runtime.selectgo(0xf2088e03f28, 0xf2088e03ef4, 0xf2087c79590?, 0x0, 0xf208784e850?, 0x1)
	/usr/local/go/src/runtime/select.go:351 +0xa97 fp=0xf2088e03ec0 sp=0xf2088e03d80 pc=0x469bb7
go.opentelemetry.io/otel/sdk/metric.(*PeriodicReader).run(0xf20876f0180, {0x2f6e7f0, 0xf2087c79590}, 0xdf8475800)
	/project/core/vendor/go.opentelemetry.io/otel/sdk/metric/periodic_reader.go:199 +0x125 fp=0xf2088e03f90 sp=0xf2088e03ec0 pc=0xb00f85
go.opentelemetry.io/otel/sdk/metric.NewPeriodicReader.func2()
	/project/core/vendor/go.opentelemetry.io/otel/sdk/metric/periodic_reader.go:137 +0x4f fp=0xf2088e03fe0 sp=0xf2088e03f90 pc=0xb08fcf
runtime.goexit({})
	/usr/local/go/src/runtime/asm_amd64.s:1264 +0x1 fp=0xf2088e03fe8 sp=0xf2088e03fe0 pc=0x498ea1
created by go.opentelemetry.io/otel/sdk/metric.NewPeriodicReader in goroutine 72
	/project/core/vendor/go.opentelemetry.io/otel/sdk/metric/periodic_reader.go:135 +0x2e5

goroutine 28 gp=0xf2087b1ba40 m=nil [select]:
runtime.gopark(0xf208842bf18?, 0x4?, 0x78?, 0x25?, 0xf208842bea8?)
	/usr/local/go/src/runtime/proc.go:474 +0xca fp=0xf208842bd28 sp=0xf208842bd08 pc=0x491b8a
runtime.selectgo(0xf208842bf18, 0xf208842bea0, 0x200?, 0x0, 0x0?, 0x1)
	/usr/local/go/src/runtime/select.go:351 +0xa97 fp=0xf208842be68 sp=0xf208842bd28 pc=0x469bb7
go.opentelemetry.io/otel/sdk/log.(*BatchProcessor).process.func1()
	/project/core/vendor/go.opentelemetry.io/otel/sdk/log/batch.go:170 +0x299 fp=0xf208842bfe0 sp=0xf208842be68 pc=0xad8e59
runtime.goexit({})
	/usr/local/go/src/runtime/asm_amd64.s:1264 +0x1 fp=0xf208842bfe8 sp=0xf208842bfe0 pc=0x498ea1
created by go.opentelemetry.io/otel/sdk/log.(*BatchProcessor).process in goroutine 72
	/project/core/vendor/go.opentelemetry.io/otel/sdk/log/batch.go:132 +0x67

goroutine 29 gp=0xf2088158000 m=nil [select]:
runtime.gopark(0xf20887b2f50?, 0x2?, 0x6a?, 0x67?, 0xf20887b2f0c?)
	/usr/local/go/src/runtime/proc.go:474 +0xca fp=0xf20887b2d98 sp=0xf20887b2d78 pc=0x491b8a
runtime.selectgo(0xf20887b2f50, 0xf20887b2f08, 0x30bd5c0?, 0x0, 0x0?, 0x1)
	/usr/local/go/src/runtime/select.go:351 +0xa97 fp=0xf20887b2ed8 sp=0xf20887b2d98 pc=0x469bb7
github.com/wandb/wandb/core/internal/observability.NewPrinter.func1()
	/project/core/internal/observability/printer.go:64 +0x7c fp=0xf20887b2fe0 sp=0xf20887b2ed8 pc=0xbb073c
runtime.goexit({})
	/usr/local/go/src/runtime/asm_amd64.s:1264 +0x1 fp=0xf20887b2fe8 sp=0xf20887b2fe0 pc=0x498ea1
created by github.com/wandb/wandb/core/internal/observability.NewPrinter in goroutine 72
	/project/core/internal/observability/printer.go:62 +0x105

goroutine 99 gp=0xf20881585a0 m=nil [IO wait, 1 minutes]:
runtime.gopark(0x757f31?, 0x0?, 0x27?, 0x0?, 0x27?)
	/usr/local/go/src/runtime/proc.go:474 +0xca fp=0xf2088017820 sp=0xf2088017800 pc=0x491b8a
runtime.netpollblock(0xffffffffffffffff?, 0x880178a0?, 0x20?)
	/usr/local/go/src/runtime/netpoll.go:575 +0xf7 fp=0xf2088017858 sp=0xf2088017820 pc=0x450557
internal/poll.runtime_pollWait(0x15134aa23c00, 0x72)
	/usr/local/go/src/runtime/netpoll.go:351 +0x85 fp=0xf2088017878 sp=0xf2088017858 pc=0x490d85
internal/poll.(*pollDesc).wait(0xf2087c73280?, 0xf2088178000?, 0x0)
	/usr/local/go/src/internal/poll/fd_poll_runtime.go:84 +0x27 fp=0xf20880178b0 sp=0xf2088017878 pc=0x509787
internal/poll.(*pollDesc).waitRead(...)
	/usr/local/go/src/internal/poll/fd_poll_runtime.go:89
internal/poll.(*FD).Read(0xf2087c73280, {0xf2088178000, 0x1800, 0x1800})
	/usr/local/go/src/internal/poll/fd_unix.go:170 +0x2a8 fp=0xf2088017948 sp=0xf20880178b0 pc=0x50a808
net.(*netFD).Read(0xf2087c73280, {0xf2088178000?, 0x15134a099b40?, 0xf20880179d8?})
	/usr/local/go/src/net/fd_posix.go:68 +0x25 fp=0xf2088017990 sp=0xf2088017948 pc=0x6ee385
net.(*conn).Read(0xf2087c02220, {0xf2088178000?, 0xf2088017a00?, 0xf2088017a48?})
	/usr/local/go/src/net/net.go:196 +0x45 fp=0xf20880179d8 sp=0xf2088017990 pc=0x6fd765
crypto/tls.(*Conn).readFromUntil(0xf208805cc08, {0x2f56258, 0xf2087c02220}, 0xf2088017c20?)
	/usr/local/go/src/crypto/tls/conn.go:820 +0xf4 fp=0xf2088017a48 sp=0xf20880179d8 pc=0x761b34
crypto/tls.(*Conn).readRecordOrCCS(0xf208805cc08, 0x0)
	/usr/local/go/src/crypto/tls/conn.go:626 +0x3fb fp=0xf2088017c30 sp=0xf2088017a48 pc=0x75eb9b
crypto/tls.(*Conn).readRecord(...)
	/usr/local/go/src/crypto/tls/conn.go:588
crypto/tls.(*Conn).Read(0xf208805cc08, {0xf20883de000, 0x1000, 0xf208805cc08?})
	/usr/local/go/src/crypto/tls/conn.go:1392 +0x148 fp=0xf2088017c98 sp=0xf2088017c30 pc=0x765348
bufio.(*Reader).Read(0xf2088688fc0, {0xf208786d8a4, 0x9, 0x807a85?})
	/usr/local/go/src/bufio/bufio.go:245 +0x193 fp=0xf2088017cd0 sp=0xf2088017c98 pc=0x5c25b3
io.ReadAtLeast({0x2f51b78, 0xf2088688fc0}, {0xf208786d8a4, 0x9, 0x9}, 0x9)
	/usr/local/go/src/io/io.go:335 +0x83 fp=0xf2088017d18 sp=0xf2088017cd0 pc=0x4fea23
io.ReadFull(...)
	/usr/local/go/src/io/io.go:354
net/http/internal/http2.readFrameHeader({0xf208786d8a4, 0x9, 0x7fc667?}, {0x2f51b78?, 0xf2088688fc0?})
	/usr/local/go/src/net/http/internal/http2/frame.go:252 +0x65 fp=0xf2088017d68 sp=0xf2088017d18 pc=0x7d8185
net/http/internal/http2.(*Framer).ReadFrameHeader(0xf208786d860)
	/usr/local/go/src/net/http/internal/http2/frame.go:525 +0x67 fp=0xf2088017de0 sp=0xf2088017d68 pc=0x7d87e7
net/http/internal/http2.(*Framer).ReadFrame(0xf208786d860)
	/usr/local/go/src/net/http/internal/http2/frame.go:584 +0x18 fp=0xf2088017e18 sp=0xf2088017de0 pc=0x7d8f78
net/http/internal/http2.(*clientConnReadLoop).run(0xf2088017fa8)
	/usr/local/go/src/net/http/internal/http2/transport.go:2047 +0xdb fp=0xf2088017f60 sp=0xf2088017e18 pc=0x7f841b
net/http/internal/http2.(*ClientConn).readLoop(0xf208863b880)
	/usr/local/go/src/net/http/internal/http2/transport.go:1913 +0x52 fp=0xf2088017fc8 sp=0xf2088017f60 pc=0x7f79d2
runtime.gcBgMarkStartWorkers in goroutine 1
net/http/internal/http2.(*Transport).newClientConn.gowrap1()
	/usr/local/go/src/net/http/internal/http2/transport.go:703 +	0x17/usr/local/go/src/runtime/mgc.go fp=:0xf2088017fe0 sp=0xf2088017fc8 pc=0x803b971711
 +runtime.goexit0xfc(
{})
	/usr/local/go/src/runtime/asm_amd64.s:1264 +0x1 fp=0xf2088017fe8 sp=0xf2088017fe0 pc=0x498ea1

goroutine created by 64 gp=0x145f36c812c0 m=nil [GC worker (idle), 1 minutes]:
runtime.gopark(0x2a835025486c0?, net/http/internal/http2.(*Transport).newClientConn0x3 in goroutine 98?
, 0xce?, 0x98?, 0x0?)
	/usr/local/go/src/runtime/proc.go:474 +0xca fp=0x145f36c88f40 sp=0x145f36c88f20 pc=0x491b8a
runtime.gcBgMarkWorker(0x145f36b1e070)
		/usr/local/go/src/net/http/internal/http2/transport.go/usr/local/go/src/runtime/mgc.go::703 +0xda71807
 +0xeb fp=0x145f36c88fc8 sp=0x145f36c88f40 pc=0x43444b
runtime.gcBgMarkStartWorkers.gowrap1()
	/usr/local/go/src/runtime/mgc.go:1711 +0x17 fp=0x145f36c88fe0 sp=0x145f36c88fc8 pc=0x487497
runtime.goexit({})
	/usr/local/go/src/runtime/asm_amd64.s:1264 +0x1 fp=0x145f36c88fe8 sp=0x145f36c88fe0 pc=0x498ea1
created by runtime.gcBgMarkStartWorkers in goroutine 1
	/usr/local/go/src/runtime/mgc.go:1711 +0xfc

goroutine 43 gp=0x145f36885c20 m=nil [GC worker (idle)]:
runtime.gopark(0x2a83d54f85080?, 0x1?, 0x5c?, 0x44?, 0x0?)
	/usr/local/go/src/runtime/proc.go:474 +0xca fp=0x145f3689ef40 sp=0x145f3689ef20 pc=0x491b8a
runtime.gcBgMarkWorker(0x145f36b1e070)
	/usr/local/go/src/runtime/mgc.go:1807
 +goroutine 0xeb49 fp= gp=0x145f3689efc80xf2088c821e0 sp= m=nil0x145f3689ef40 [ pc=chan receive0x43444b]
:
runtime.gcBgMarkStartWorkers.gowrap1runtime.gopark(()
0xf20879bf200	?/usr/local/go/src/runtime/mgc.go, 0x151349e227b0:?, 17110x3e +?, 0x170x1? fp=, 0x1513920db418?0x145f3689efe0)
	 sp=/usr/local/go/src/runtime/proc.go:0x145f3689efc8474 pc= +0x4874970xca
 fp=0xf2087f10e18runtime.goexit sp=(0xf2087f10df8 pc={0x491b8a}
)
	/usr/local/go/src/runtime/asm_amd64.s:1264 +0x1 fp=0x145f3689efe8 sp=runtime.chanrecv0x145f3689efe0( pc=0xf2087d8ca800x498ea1, 
0xf2087f10f60created by , runtime.gcBgMarkStartWorkers0x1 in goroutine )
	1/usr/local/go/src/runtime/chan.go:
667 +	0x4ae/usr/local/go/src/runtime/mgc.go fp=0xf2087f10e90: sp=0xf2087f10e18 pc=0x41d38e1711
 +runtime.chanrecv2(0xfc0x10
?, 0x2d87530
?)
goroutine 	/usr/local/go/src/runtime/chan.go25:514 + gp=0x12 fp=0xf2087f10eb80x145f369050e0 sp=0xf2087f10e90 m=nil pc=0x41ced2 [
GC worker (idle)]:
runtime.gopark(0x2a83d555c8d98?, 0x1?, 0x95?, 0x1a?, 0x0?)
	/usr/local/go/src/runtime/proc.go:474 +0xca fp=0x145f36832740 sp=0x145f36832720 pc=0x491b8a
runtime.gcBgMarkWorker(0x145f36b1e070)
	/usr/local/go/src/runtime/mgc.go:1807 +0xeb fp=0x145f368327c8 sp=0x145f36832740 pc=0x43444b
runtime.gcBgMarkStartWorkers.gowrap1()
	/usr/local/go/src/runtime/mgc.go:1711 +0x17 fp=0x145f368327e0 sp=0x145f368327c8 pc=0x487497
runtime.goexit({})
	/usr/local/go/src/runtime/asm_amd64.s:1264 +0x1 fp=0x145f368327e8 sp=0x145f368327e0 pc=0x498ea1
created by runtime.gcBgMarkStartWorkers in goroutine 1
	/usr/local/go/src/runtime/mgc.go:1711 +0xfc

goroutine 65 gp=0x145f36c814a0 m=nil [GC worker (idle)]:
runtime.gopark(0x2a83d54f79473?, 0x1?, 0x40?, 0x89?, 0x0?)
	/usr/local/go/src/runtime/proc.go:474 +0xca fp=0x145f36c89740 sp=0x145f36c89720 pc=0x491b8a
github.com/wandb/wandb/core/internal/stream.(*Handler).Doruntime.gcBgMarkWorker((0xf2088528320, 0x145f36b1e0700xf2087d8ca80)
)
		/project/core/internal/stream/handler.go/usr/local/go/src/runtime/mgc.go::160 +18070xc5 + fp=0xeb0xf2087f10fb8 fp= sp=0xf2087f10eb8 pc=0x145f36c897c80x16f7d85 sp=
0x145f36c89740 pc=0x43444b
runtime.gcBgMarkStartWorkers.gowrap1()
	/usr/local/go/src/runtime/mgc.go:1711 +0x17 fp=0x145f36c897e0 sp=0x145f36c897c8 pc=0x487497
runtime.goexit({})
	/usr/local/go/src/runtime/asm_amd64.s:1264 +0x1 fp=0x145f36c897e8 sp=0x145f36c897e0 pc=0x498ea1
created by runtime.gcBgMarkStartWorkers in goroutine 1
	/usr/local/go/src/runtime/mgc.go:1711 +0xfc

goroutine 66 gp=0x145f36c81680 m=nil [GC worker (idle), 1 minutesgithub.com/wandb/wandb/core/internal/stream.(*Stream).Start.func1](:
)
	/project/core/internal/stream/stream.go:166 +0x38runtime.gopark fp=0xf2087f10fe0 sp=0xf2087f10fb8( pc=0x170b718
0x2a835025356d6runtime.goexit?({, })
0x1	/usr/local/go/src/runtime/asm_amd64.s:1264? +, 0x10xc1 fp=?0xf2087f10fe8,  sp=0xf2087f10fe00xe4 pc=0x498ea1?
, 0x0?)
	/usr/local/go/src/runtime/proc.go:474 +0xca fp=0x145f36c89f40 sp=0x145f36c89f20 pc=0x491b8a
runtime.gcBgMarkWorker(0x145f36b1e070)
	created by /usr/local/go/src/runtime/mgc.go:1807 +0xeb fp=0x145f36c89fc8 sp=0x145f36c89f40 pc=0x43444b
github.com/wandb/wandb/core/internal/stream.(*Stream).Startruntime.gcBgMarkStartWorkers.gowrap1 in goroutine (72
)
	/usr/local/go/src/runtime/mgc.go:1711 +0x17 fp=0x145f36c89fe0 sp=0x145f36c89fc8 pc=0x487497
runtime.goexit({})
	/usr/local/go/src/runtime/asm_amd64.s:1264 +	0x1/project/core/internal/stream/stream.go fp=:1650x145f36c89fe8 + sp=0x760x145f36c89fe0
 pc=
0x498ea1goroutine 
created by 114runtime.gcBgMarkStartWorkers gp=0xf2088c823c0 in goroutine  m=nil1 [chan receive
]:
	runtime.gopark/usr/local/go/src/runtime/mgc.go(:0xf2087d0a6201711? +, 0xfc0xf2087d8c930?
, 0x3f?, 0x0?, 0xf2088402da0?)
	/usr/local/go/src/runtime/proc.go:474 +0xca fp=0xf2088402d50 sp=0xf2088402d30 pc=0x491b8a
runtime.chanrecv(0xf20879947e0, 0xf2088402f20, 0x1)
	/usr/local/go/src/runtime/chan.go:667 +0x4ae fp=0xf2088402dc8 sp=0xf2088402d50 pc=0x41d38e
runtime.chanrecv2(0xf20876e7cc0?, 0x2f6e780?)
	/usr/local/go/src/runtime/chan.go:514 +0x12 fp=0xf2088402df0 sp=0xf2088402dc8 pc=0x41ced2
github.com/wandb/wandb/core/internal/stream.(*Writer).Do(0xf2088594ec0, 0xf20879947e0)
	/project/core/internal/stream/writer.go:71 +0x173 fp=0xf2088402fb8 sp=0xf2088402df0 pc=0x17099f3

github.com/wandb/wandb/core/internal/stream.(*Stream).maybeSavingToTransactionLog.func1()
	/project/core/internal/stream/stream.go:228 +0x25 fp=0xf2088402fe0 sp=0xf2088402fb8 pc=0x170b7c5
runtime.goexit({})
	/usr/local/go/src/runtime/asm_amd64.s:1264 +0x1 fp=0xf2088402fe8 sp=0xf2088402fe0 pc=0x498ea1
created by github.com/wandb/wandb/core/internal/stream.(*Stream).maybeSavingToTransactionLog in goroutine 72
	/project/core/internal/stream/stream.go:227 +0x57d

goroutine 115 gp=0xf2088c825a0 m=nil [chan receive]:
runtime.gopark(0xf2087b135c8?, 0x48637e?, 0xd2?, 0x73?, 0xf2087b13610?)
	/usr/local/go/src/runtime/proc.go:474 +0xca fp=0xf2087b135b0 sp=0xf2087b13590 pc=0x491b8a
runtime.chanrecv(0xf20879948c0, 0xf2087b136d8, 0x1)
	/usr/local/go/src/runtime/chan.go:667 +0x4ae fp=0xf2087b13628 sp=0xf2087b135b0 pc=0x41d38e
runtime.chanrecv1(0x0?, 0xf2087816000?)
	/usr/local/go/src/runtime/chan.go:509 +0x12 fp=0xf2087b13650 sp=0xf2087b13628 pc=0x41ceb2
github.com/wandb/wandb/core/internal/stream.(*FlowControlBuffer).get(0xf208868a5a0, 0x0)
	/project/core/internal/stream/flowcontrolbuffer.go:250 +0x125 fp=0xf2087b13708 sp=0xf2087b13650 pc=0x16f7805
github.com/wandb/wandb/core/internal/stream.(*FlowControlBuffer).Get(...)
	/project/core/internal/stream/flowcontrolbuffer.go:225
github.com/wandb/wandb/core/internal/stream.(*FlowControl).loopFlushBuffer(0xf2088594f00)
	/project/core/internal/stream/flowcontrol.go:83 +0x9d fp=0xf2087b13788 sp=0xf2087b13708 pc=0x16f6add
github.com/wandb/wandb/core/internal/stream.(*FlowControl).Do(0xf2088594f00, 0xf2088c098f0)
	/project/core/internal/stream/flowcontrol.go:69 +0x7b fp=0xf2087b137b8 sp=0xf2087b13788 pc=0x16f69fb
github.com/wandb/wandb/core/internal/stream.(*Stream).maybeSavingToTransactionLog.func2()
	/project/core/internal/stream/stream.go:234 +0x28 fp=0xf2087b137e0 sp=0xf2087b137b8 pc=0x170b768
runtime.goexit({})
	/usr/local/go/src/runtime/asm_amd64.s:1264 +0x1 fp=0xf2087b137e8 sp=0xf2087b137e0 pc=0x498ea1
created by github.com/wandb/wandb/core/internal/stream.(*Stream).maybeSavingToTransactionLog in goroutine 72
	/project/core/internal/stream/stream.go:233 +0x5ff

goroutine 116 gp=0xf2088c82780 m=nil [chan receive]:
runtime.gopark(0xf2087adcc40?, 0x151349e227b0?, 0xff?, 0x0?, 0x1513920db418?)
	/usr/local/go/src/runtime/proc.go:474 +0xca fp=0xf2088f04e20 sp=0xf2088f04e00 pc=0x491b8a
runtime.chanrecv(0xf2088c09960, 0xf2088f04f60, 0x1)
	/usr/local/go/src/runtime/chan.go:667 +0x4ae fp=0xf2088f04e98 sp=0xf2088f04e20 pc=0x41d38e
runtime.chanrecv2(0x10?, 0x2d875b0?)
	/usr/local/go/src/runtime/chan.go:514 +0x12 fp=0xf2088f04ec0 sp=0xf2088f04e98 pc=0x41ced2
goroutine 82 gp=0x145f36c243c0 m=nil [select, 1 minutes, locked to thread]:
runtime.gopark(0x145f36832fa8?, 0x2?, 0x68?, 0x0?, 0x145f36832f94?)
	/usr/local/go/src/runtime/proc.go:474 +0xca fp=0x145f36832e18 sp=0x145f36832df8 pc=0x491b8a
runtime.selectgo(0x145f36832fa8, 0x145f36832f90, 0x0?, 0x0, 0x0?, 0x1)
	/usr/local/go/src/runtime/select.go:351 +0xa97 fp=0x145f36832f58 sp=0x145f36832e18 pc=0x469bb7
runtime.ensureSigM.func1()
	/usr/local/go/src/runtime/signal_unix.go:1093 +0x188 fp=0x145f36832fe0 sp=0x145f36832f58 pc=0x48bec8
runtime.goexit({})
	/usr/local/go/src/runtime/asm_amd64.s:1264 +0x1 fp=0x145f36832fe8 sp=0x145f36832fe0 pc=0x498ea1
created by runtime.ensureSigM in goroutine 1
	/usr/local/go/src/runtime/signal_unix.go:1076 +0xc5

goroutine 98 gp=0x145f36c083c0 m=3 mp=0x145f36839008 [syscall, 1 minutes]:
runtime.notetsleepg(0x30f5940, 0xffffffffffffffff)
	/usr/local/go/src/runtime/lock_futex.go:123 +0x29 fp=0x145f36c837a0 sp=0x145f36c83778 pc=0x422f09
os/signal.signal_recv()
	/usr/local/go/src/runtime/sigqueue.go:152 +0x98 fp=0x145f36c837c0 sp=0x145f36c837a0 pc=0x493ed8
os/signal.loop()
	/usr/local/go/src/os/signal/signal_unix.go:23 +0x13 fp=0x145f36c837e0 sp=0x145f36c837c0 pc=0x5c0453
runtime.goexit({})
	/usr/local/go/src/runtime/asm_amd64.s:1264 +0x1 fp=0x145f36c837e8 sp=0x145f36c837e0 pc=0x498ea1
created by os/signal.Notify.func2.1 in goroutine 1
	/usr/local/go/src/os/signal/signal.go:164 +0x1f

goroutine 99 gp=0x145f36c085a0 m=nil [chan receive, 1 minutes]:
runtime.gopark(0x1510a62f06d8?, 0x2bc8db0?, 0x50?, 0x3e?, 0x145f36953e50?)
	/usr/local/go/src/runtime/proc.go:474 +0xca fp=0x145f36f8fdc0 sp=0x145f36f8fda0 pc=0x491b8a
runtime.chanrecv(0x145f369140e0, 0x0, 0x1)
	/usr/local/go/src/runtime/chan.go:667 +0x4ae fp=0x145f36f8fe38 sp=0x145f36f8fdc0 pc=0x41d38e
runtime.chanrecv1(0x145f36970000?, 0x145f36920140?)
	/usr/local/go/src/runtime/chan.go:509 +0x12 fp=0x145f36f8fe60 sp=0x145f36f8fe38 pc=0x41ceb2
github.com/wandb/wandb/core/pkg/server.(*Server).Serve(0x145f36dce0d0, {0x7ffe8cf97920, 0x3c})
	/project/core/pkg/server/server.go:201 +0x309 fp=0x145f36f8ffa0 sp=0x145f36f8fe60 pc=0x1803489
main.serviceMain.func3()
	/project/core/cmd/wandb-core/main.go:185 +0x2b fp=0x145f36f8ffe0 sp=0x145f36f8ffa0 pc=0x180818b
runtime.goexit({})
	/usr/local/go/src/runtime/asm_amd64.s:1264 +0x1 fp=0x145f36f8ffe8 sp=0x145f36f8ffe0 pc=0x498ea1
created by main.serviceMain in goroutine 1
	/project/core/cmd/wandb-core/main.go:185 +0xa59

goroutine 100 gp=0x145f36c08780 m=nil [sleep]:
runtime.gopark(0x2a844394229e5?, 0x0?, 0xe?, 0xe?, 0x1?)
	/usr/local/go/src/runtime/proc.go:474 +0xca fp=0x145f36f8bef8 sp=0x145f36f8bed8 pc=0x491b8a
time.Sleep(0x5f5e100)
	/usr/local/go/src/runtime/time.go:368 +0x165 fp=0x145f36f8bf50 sp=0x145f36f8bef8 pc=0x495dc5
github.com/wandb/wandb/core/pkg/server.(*Server).exitWhenParentIsGone(0x145f36dce0d0)
	/project/core/pkg/server/server.go:147 +0x9b fp=0x145f36f8bfc8 sp=0x145f36f8bf50 pc=0x1802f5b
github.com/wandb/wandb/core/pkg/server.(*Server).Serve.gowrap1()
	/project/core/pkg/server/server.go:186 +0x17 fp=0x145f36f8bfe0 sp=0x145f36f8bfc8 pc=0x1804c77
runtime.goexit({})
	/usr/local/go/src/runtime/asm_amd64.s:1264 +0x1 fp=0x145f36f8bfe8 sp=0x145f36f8bfe0 pc=0x498ea1
created by github.com/wandb/wandb/core/pkg/server.(*Server).Serve in goroutine 99
	/project/core/pkg/server/server.go:186 +0x18f

goroutine 101 gp=0x145f36c08960 m=nil [IO wait, 1 minutes]:
runtime.gopark(0x0?, 0x0?, 0x0?, 0x0?, 0x0?)
	/usr/local/go/src/runtime/proc.go:474 +0xca fp=0x145f36c31c08 sp=0x145f36c31be8 pc=0x491b8a
runtime.netpollblock(0x42a83d?, 0x4973d2?, 0x0?)
	/usr/local/go/src/runtime/netpoll.go:575 +0xf7 fp=0x145f36c31c40 sp=0x145f36c31c08 pc=0x450557
internal/poll.runtime_pollWait(0x1510a6032000, 0x72)
	/usr/local/go/src/runtime/netpoll.go:351 +0x85 fp=0x145f36c31c60 sp=0x145f36c31c40 pc=0x490d85
internal/poll.(*pollDesc).wait(0x145f369bc900?, 0x4201cf?, 0x0)
	/usr/local/go/src/internal/poll/fd_poll_runtime.go:84 +0x27 fp=0x145f36c31c98 sp=0x145f36c31c60 pc=0x509787
internal/poll.(*pollDesc).waitRead(...)
	/usr/local/go/src/internal/poll/fd_poll_runtime.go:89
internal/poll.(*FD).Accept(0x145f369bc900)
	/usr/local/go/src/internal/poll/fd_unix.go:618 +0x27d fp=0x145f36c31d40 sp=0x145f36c31c98 pc=0x50e21d
net.(*netFD).accept(0x145f369bc900)
	/usr/local/go/src/net/fd_unix.go:149 +0x29 fp=0x145f36c31df8 sp=0x145f36c31d40 pc=0x6f0029
net.(*UnixListener).accept(0x145f367c9e60?)
	/usr/local/go/src/net/unixsock_posix.go:172 +0x16 fp=0x145f36c31e30 sp=0x145f36c31df8 pc=0x70cf36
net.(*UnixListener).Accept(0x145f36d98810)
	/usr/local/go/src/net/unixsock.go:275 +0x30 fp=0x145f36c31e70 sp=0x145f36c31e30 pc=0x70bb70
github.com/wandb/wandb/core/pkg/server.(*Server).acceptConnections(0x145f36dce0d0, {0x2f6cb28, 0x145f36920100})
	/project/core/pkg/server/server.go:236 +0xcf fp=0x145f36c31f88 sp=0x145f36c31e70 pc=0x180386f
github.com/wandb/wandb/core/pkg/server.(*Server).Serve.func2()
	/project/core/pkg/server/server.go:196 +0x1f fp=0x145f36c31fb0 sp=0x145f36c31f88 pc=0x1804c3f
sync.(*WaitGroup).Go.func1()
	/usr/local/go/src/sync/waitgroup.go:258 +0x4a fp=0x145f36c31fe0 sp=0x145f36c31fb0 pc=0x4a402a
runtime.goexit({})
	/usr/local/go/src/runtime/asm_amd64.s:1264 +0x1 fp=0x145f36c31fe8 sp=0x145f36c31fe0 pc=0x498ea1
created by sync.(*WaitGroup).Go in goroutine 99
	/usr/local/go/src/sync/waitgroup.go:238 +0x7d

goroutine 83 gp=0x145f36c245a0 m=nil [chan receive, 1 minutes]:
runtime.gopark(0x1510a62eda00?, 0x2bc8db0?, 0x0?, 0x0?, 0x145f36b9dd68?)
	/usr/local/go/src/runtime/proc.go:474 +0xca fp=0x145f37007cd8 sp=0x145f37007cb8 pc=0x491b8a
runtime.chanrecv(0x145f369e6310, 0x0, 0x1)
	/usr/local/go/src/runtime/chan.go:667 +0x4ae fp=0x145f37007d50 sp=0x145f37007cd8 pc=0x41d38e
runtime.chanrecv1(0x145f368a25f0?, 0x145f369401b0?)
	/usr/local/go/src/runtime/chan.go:509 +0x12 fp=0x145f37007d78 sp=0x145f37007d50 pc=0x41ceb2
github.com/wandb/wandb/core/pkg/server.(*Connection).ManageConnectionData(0x145f36ac00a0)
	/project/core/pkg/server/connection.go:154 +0x1f9 fp=0x145f37007e28 sp=0x145f37007d78 pc=0x17fe259
github.com/wandb/wandb/core/pkg/server.(*Server).handleConnection(0x145f36dce0d0, {0x2f73728, 0x145f36882128})
	/project/core/pkg/server/server.go:303 +0x265 fp=0x145f37007f50 sp=0x145f37007e28 pc=0x1803ec5
github.com/wandb/wandb/core/pkg/server.(*Server).acceptConnections.func1()
	/project/core/pkg/server/server.go:274 +0x72 fp=0x145f37007fb0 sp=0x145f37007f50 pc=0x1804df2
sync.(*WaitGroup).Go.func1()
	/usr/local/go/src/sync/waitgroup.go:258 +0x4a fp=0x145f37007fe0 sp=0x145f37007fb0 pc=0x4a402a
runtime.goexit({})
	/usr/local/go/src/runtime/asm_amd64.s:1264 +0x1 fp=0x145f37007fe8 sp=0x145f37007fe0 pc=0x498ea1
created by sync.(*WaitGroup).Go in goroutine 101
	/usr/local/go/src/sync/waitgroup.go:238 +0x7d

goroutine 84 gp=0x145f36c24780 m=nil [IO wait]:
runtime.gopark(0x2?, 0x145f36b78a88?, 0x0?, 0x0?, 0x2ad55c0?)
	/usr/local/go/src/runtime/proc.go:474 +0xca fp=0x145f36b9fb38 sp=0x145f36b9fb18 pc=0x491b8a
runtime.netpollblock(0xffffffffffffffff?, 0x36b9fbb8?, 0x5f?)
	/usr/local/go/src/runtime/netpoll.go:575 +0xf7 fp=0x145f36b9fb70 sp=0x145f36b9fb38 pc=0x450557
internal/poll.runtime_pollWait(0x1510a6031e00, 0x72)
	/usr/local/go/src/runtime/netpoll.go:351 +0x85 fp=0x145f36b9fb90 sp=0x145f36b9fb70 pc=0x490d85
internal/poll.(*pollDesc).wait(0x145f36b02200?, 0x145f3808048c?, 0x0)
	/usr/local/go/src/internal/poll/fd_poll_runtime.go:84 +0x27 fp=0x145f36b9fbc8 sp=0x145f36b9fb90 pc=0x509787
internal/poll.(*pollDesc).waitRead(...)
	/usr/local/go/src/internal/poll/fd_poll_runtime.go:89
internal/poll.(*FD).Read(0x145f36b02200, {0x145f3808048c, 0x1ffb74, 0x1ffb74})
	/usr/local/go/src/internal/poll/fd_unix.go:170 +0x2a8 fp=0x145f36b9fc60 sp=0x145f36b9fbc8 pc=0x50a808
net.(*netFD).Read(0x145f36b02200, {0x145f3808048c?, 0x145f36b9fcd0?, 0x48637e?})
	/usr/local/go/src/net/fd_posix.go:68 +0x25 fp=0x145f36b9fca8 sp=0x145f36b9fc60 pc=0x6ee385
net.(*conn).Read(0x145f36882128, {0x145f3808048c?, 0x4863a0?, 0x145f36c24960?})
	/usr/local/go/src/net/net.go:196 +0x45 fp=0x145f36b9fcf0 sp=0x145f36b9fca8 pc=0x6fd765
bufio.(*Scanner).Scan(0x145f36b9ff00)
	/usr/local/go/src/bufio/scan.go:219 +0x47b fp=0x145f36b9fdc8 sp=0x145f36b9fcf0 pc=0x5c4c3b
github.com/wandb/wandb/core/pkg/server.(*Connection).processIncomingData(0x145f36ac00a0)
	/project/core/pkg/server/connection.go:254 +0x137 fp=0x145f36b9ff98 sp=0x145f36b9fdc8 pc=0x17fecb7
github.com/wandb/wandb/core/pkg/server.(*Connection).processIncomingData-fm()
	<autogenerated>:1 +0x17 fp=0x145f36b9ffb0 sp=0x145f36b9ff98 pc=0x1805097
sync.(*WaitGroup).Go.func1()
	/usr/local/go/src/sync/waitgroup.go:258 +0x4a fp=0x145f36b9ffe0 sp=0x145f36b9ffb0 pc=0x4a402a
runtime.goexit({})
	/usr/local/go/src/runtime/asm_amd64.s:1264 +0x1 fp=0x145f36b9ffe8 sp=0x145f36b9ffe0 pc=0x498ea1
created by sync.(*WaitGroup).Go in goroutine 83
	/usr/local/go/src/sync/waitgroup.go:238 +0x7d

goroutine 85 gp=0x145f36c24960 m=nil [chan receive]:
runtime.gopark(0x145f36cbc070?, 0x145f39247970?, 0xfd?, 0x3e?, 0x15105e37e3b0?)
	/usr/local/go/src/runtime/proc.go:474 +0xca fp=0x145f36b9bd78 sp=0x145f36b9bd58 pc=0x491b8a
runtime.chanrecv(0x145f36cbc000, 0x145f36b9beb8, 0x1)
	/usr/local/go/src/runtime/chan.go:667 +0x4ae fp=0x145f36b9bdf0 sp=0x145f36b9bd78 pc=0x41d38e
runtime.chanrecv2(0x145f36ac00a0?, 0x145f36ad10e0?)
	/usr/local/go/src/runtime/chan.go:514 +0x12 fp=0x145f36b9be18 sp=github.com/wandb/wandb/core/internal/stream.(*Sender).Do(0xf208786db300x145f36b9bdf0,  pc=0xf2088c099600x41ced2)

	/project/core/internal/stream/sender.go:238 +0x17c fp=0xf2088f04fb8 sp=0xf2088f04ec0 pc=0x16ff23c
github.com/wandb/wandb/core/pkg/server.(*Connection).handleIncomingRequests(0x145f36ac00a0)
	/project/core/pkg/server/connection.go:335 +0x15d fp=0x145f36b9bf98 sp=0x145f36b9be18 pc=0x17ff27d
github.com/wandb/wandb/core/pkg/server.(*Connection).handleIncomingRequests-fm()
	<autogenerated>:1 +0x17 fp=0x145f36b9bfb0 sp=0x145f36b9bf98 pc=0x18050d7
github.com/wandb/wandb/core/internal/stream.(*Stream).Start.func2()
	/project/core/internal/stream/stream.go:174 +0x27 fp=0xf2088f04fe0 sp=0xf2088f04fb8 pc=0x170b6a7
sync.(*WaitGroup).Go.func1()
	/usr/local/go/src/sync/waitgroup.go:258 +0x4a fp=0x145f36b9bfe0 sp=0x145f36b9bfb0 pc=0x4a402a
runtime.goexit({})
	/usr/local/go/src/runtime/asm_amd64.sruntime.goexit:(1264 +0x1 fp=0x145f36b9bfe8 sp=0x145f36b9bfe0 pc=0x498ea1{
}created by )
sync.(*WaitGroup).Go	 in goroutine /usr/local/go/src/runtime/asm_amd64.s83:
1264 +	0x1/usr/local/go/src/sync/waitgroup.go fp=:0xf2088f04fe8238 sp= +0xf2088f04fe00x7d pc=
0x498ea1

goroutine 86 gp=0x145f36c24b40 m=nil [select]:
runtime.gopark(created by 0x145f37e01e68github.com/wandb/wandb/core/internal/stream.(*Stream).Start? in goroutine , 720x2
?, 0x0?, 0x0?, 0x145f37e01dd4?)
	/usr/local/go/src/runtime/proc.go:474 +0xca fp=0x145f37e01c40 sp=0x145f37e01c20	 pc=/project/core/internal/stream/stream.go0x491b8a:
173 +0xf4

goroutine 30 gp=0xf20884085a0 m=nilruntime.selectgo [(chan receive0x145f37e01e68], :
0x145f37e01dd0, 0x2f72cf8?, 0x0, 0x2ac5d28?, 0x1)
	/usr/local/go/src/runtime/select.go:351 +0xa97 fp=0x145f37e01d80 sp=0x145f37e01c40 pc=0x469bb7
github.com/wandb/wandb/core/pkg/server.(*Connection).processOutgoingDataruntime.gopark((0x145f36ac00a0)
	/project/core/pkg/server/connection.go:193 +0x15b fp=0xf208778d0080x145f37e01f98? sp=0x145f37e01d80,  pc=0xf20887b0ef80x17fe4db?
, github.com/wandb/wandb/core/pkg/server.(*Connection).processOutgoingData-fm0x9b(?)
, 	0x71<autogenerated>?:, 10xf208868a5a0 +?0x17 fp=)
0x145f37e01fb0	 sp=/usr/local/go/src/runtime/proc.go0x145f37e01f98: pc=4740x1805117 +
0xcasync.(*WaitGroup).Go.func1 fp=(0xf20887b0e68)
 sp=	0xf20887b0e48/usr/local/go/src/sync/waitgroup.go pc=:0x491b8a258
 +0x4a fp=0x145f37e01fe0 sp=0x145f37e01fb0 pc=0x4a402a
runtime.goexit({})
	/usr/local/go/src/runtime/asm_amd64.s:1264 +0x1 fp=0x145f37e01fe8 sp=0x145f37e01fe0 pc=0x498ea1
created by sync.(*WaitGroup).Go in goroutine 83
runtime.chanrecv	/usr/local/go/src/sync/waitgroup.go(:0xf2088c098f0238,  +0xf20887b0f880x7d, 
0x1)
	/usr/local/go/src/runtime/chan.go:667 +0x4ae fp=0xf20887b0ee0 sp=0xf20887b0e68 pc=0x41d38e
runtime.chanrecv2(0xf208868a5a0?, 0x2f71360?)
	/usr/local/go/src/runtime/chan.go:514 +0x12 fp=0xf20887b0f08 sp=
0xf20887b0ee0goroutine  pc=260x41ced2
 gp=0x145f36c08b40 m=nil [select]:
runtime.gopark(0x145f371f7f28?, 0x3?, 0x60?, 0xe8?, 0x145f371f7efa?)
	/usr/local/go/src/runtime/proc.go:474 +0xca fp=0x145f371f7d80 sp=github.com/wandb/wandb/core/internal/stream.(*FlowControl).Do.func10x145f371f7d60( pc=0x491b8a)

	/project/core/internal/stream/flowcontrol.go:62 +0xf8 fp=0xf20887b0fe0 sp=0xf20887b0f08 pc=runtime.selectgo0x170a278(
0x145f371f7f28runtime.goexit, (0x145f371f7ef4{, }0x145f36c46050)
?	/usr/local/go/src/runtime/asm_amd64.s:, 12640x0 +, 0x10x0 fp=?0xf20887b0fe8,  sp=0x10xf20887b0fe0)
 pc=	0x498ea1/usr/local/go/src/runtime/select.go
:351 +0xa97 fp=0x145f371f7ec0 sp=0x145f371f7d80 pc=0x469bb7
created by github.com/wandb/wandb/core/internal/stream.(*FlowControl).Do in goroutine 115
	/project/core/internal/stream/flowcontrol.go:59 +0x71

goroutine 130 gp=0xf2088158780 m=nil [chan receive]:
runtime.gopark(0x495eb0?, 0xf2087bc3120?, 0xe4?, 0xce?, 0x0?)
	/usr/local/go/src/runtime/proc.go:474 +0xca fp=go.opentelemetry.io/otel/sdk/metric.(*PeriodicReader).run0xf208840ce10( sp=0xf208840cdf00x145f367ce0c0 pc=, 0x491b8a{
0x2f6e7f0, 0x145f36c46050}, 0xdf8475800runtime.chanrecv)
(	0xf2087adc000/project/core/vendor/go.opentelemetry.io/otel/sdk/metric/periodic_reader.go:, 1990xf208840cf50 +, 0x1250x1 fp=)
	0x145f371f7f90/usr/local/go/src/runtime/chan.go sp=:0x145f371f7ec0667 pc= +0xb00f850x4ae
 fp=0xf208840ce88 sp=0xf208840ce10 pc=0x41d38e
runtime.chanrecv2(0xf208840cf30?, 0xf208840cee0?)
	/usr/local/go/src/runtime/chan.go:514 +0x12 fp=0xf208840ceb0 sp=0xf208840ce88 pc=0x41ced2
github.com/wandb/wandb/core/internal/stream.(*Sender).warnOnLongOperations(go.opentelemetry.io/otel/sdk/metric.NewPeriodicReader.func2()
	/project/core/vendor/go.opentelemetry.io/otel/sdk/metric/periodic_reader.go:137 +0x4f fp=0x145f371f7fe0 sp=0x145f371f7f90 pc=0xb08fcf
0xf208786db30runtime.goexit, (0xf2087adc000{, }0xf2088981500)
)
		/usr/local/go/src/runtime/asm_amd64.s/project/core/internal/stream/sender.go::1264264 + +0x10x65 fp= fp=0x145f371f7fe80xf208840cfb8 sp= sp=0x145f371f7fe00xf208840ceb0 pc= pc=0x16ff545
0x498ea1
created by go.opentelemetry.io/otel/sdk/metric.NewPeriodicReader in goroutine 85
	/project/core/vendor/go.opentelemetry.io/otel/sdk/metric/periodic_reader.go:135 +0x2e5
github.com/wandb/wandb/core/internal/stream.(*Sender).Do.gowrap2()
	/project/core/internal/stream/sender.go:236 +0x1f fp=0xf208840cfe0 sp=0xf208840cfb8 pc=0x170abff
runtime.goexit({}
)
goroutine 	67/usr/local/go/src/runtime/asm_amd64.s gp=:0x145f370101e01264 m=nil [ +select0x1] fp=:
0xf208840cfe8 sp=0xf208840cfe0 pc=0x498ea1runtime.gopark
(0x145f36f8af18created by ?github.com/wandb/wandb/core/internal/stream.(*Sender).Do,  in goroutine 0x4116?
, 0x78	?/project/core/internal/stream/sender.go, :0xad236? +, 0x13f0x145f36f8aea8
?)
	/usr/local/go/src/runtime/proc.go:474 +0xca fp=0x145f36f8ad28 sp=0x145f36f8ad08 pc=0x491b8a
runtime.selectgo(0x145f36f8af18, 0x145f36f8aea0, 0x200?, 0x0, 0x0?, 0x1)
	/usr/local/go/src/runtime/select.go:351 +0xa97 fp=0x145f36f8ae68 sp=0x145f36f8ad28 pc=0x469bb7
go.opentelemetry.io/otel/sdk/log.(*BatchProcessor).process.func1()
	/project/core/vendor/go.opentelemetry.io/otel/sdk/log/batch.go:170 +0x299 fp=0x145f36f8afe0 sp=0x145f36f8ae68 pc=0xad8e59
runtime.goexit({})
	/usr/local/go/src/runtime/asm_amd64.s:1264 +0x1 fp=0x145f36f8afe8 sp=0x145f36f8afe0 pc=0x498ea1
created by 
goroutine go.opentelemetry.io/otel/sdk/log.(*BatchProcessor).process60 in goroutine 85 gp=
0xf2088c78000 m=nil [chan receive]:
runtime.gopark(0xf20878164d0?, 0x2?, 0x0?, 0x3b?, 0xf2088057130?)
	/usr/local/go/src/runtime/proc.go:474 +0xca fp=0xf2087b12ed8 sp=0xf2087b12eb8 pc=	0x491b8a/project/core/vendor/go.opentelemetry.io/otel/sdk/log/batch.go
:132 +0x67
runtime.chanrecv(0xf208826e700, 0xf2087b12fb0, 0x1)
	/usr/local/go/src/runtime/chan.go:667 +0x4ae fp=0xf2087b12f50 sp=0xf2087b12ed8 pc=0x41d38e
runtime.chanrecv2(0x0?, 
0x0?goroutine )
68	 gp=/usr/local/go/src/runtime/chan.go0x145f370103c0: m=nil514 [ +chan receive0x12,  fp=10xf2087b12f78 sp= minutes0xf2087b12f50] pc=:
0x41ced2
runtime.gopark(0x0?, 0x0?, 0x0?, 0x0?, 0x0?)
	/usr/local/go/src/runtime/proc.go:474 +0xca fp=0x145f36c82eb0 sp=0x145f36c82e90 pc=0x491b8a
runtime.chanrecv(0x145f369e6310, 0x0, 0x1)
	/usr/local/go/src/runtime/chan.go:667 +0x4ae fp=0x145f36c82f28 sp=0x145f36c82eb0 pc=0x41d38e
runtime.chanrecv1(0x0?, 0x0?)
	/usr/local/go/src/runtime/chan.go:509 +0x12 fp=0x145f36c82f50 sp=0x145f36c82f28 pc=0x41ceb2
github.com/wandb/wandb/core/pkg/server.(*Connection).handleApiInit.func1github.com/wandb/wandb/core/internal/filestream.(*fileStream).startProcessingFeedback.func1()
	/project/core/internal/filestream/filestreamimpl.go:115 +0x6e fp=0xf2087b12fe0 sp=0xf2087b12f78 pc=0x145dd6e
runtime.goexit({})
	/usr/local/go/src/runtime/asm_amd64.s:1264 +0x1 fp=0xf2087b12fe8 sp=0xf2087b12fe0 pc=0x498ea1
created by github.com/wandb/wandb/core/internal/filestream.(*fileStream).startProcessingFeedback in goroutine 116
	/project/core/internal/filestream/filestreamimpl.go:112 +0x99

goroutine 57 gp=0xf2088158b40 m=nil [chan receive]:
()
	runtime.gopark/project/core/pkg/server/connection.go:(698 +0x450xf2087816540 fp=?0x145f36c82fe0,  sp=0xf2088405e900x145f36c82f50? pc=, 0x18047650x57
?, 0xc0?, 0xf208826e690?)
	/usr/local/go/src/runtime/proc.go:474 +0xca fp=0xf2088405e58 sp=0xf2088405e38 pc=0x491b8a
runtime.goexitruntime.chanrecv((0xf2087994850, 0xf2088405f98{, }0x1)
	)
/usr/local/go/src/runtime/asm_amd64.s	:/usr/local/go/src/runtime/chan.go1264: +6670x1 + fp=0x4ae0x145f36c82fe8 fp= sp=0xf2088405ed00x145f36c82fe0 sp= pc=0xf2088405e580x498ea1 pc=
0x41d38e
runtime.chanrecv2(0xf20889d1920?created by , 0xf2088b2a910?)
	/usr/local/go/src/runtime/chan.go:514 +0x12 fp=0xf2088405ef8 sp=0xf2088405ed0 pc=0x41ced2
github.com/wandb/wandb/core/pkg/server.(*Connection).handleApiInit in goroutine 85
	/project/core/pkg/server/connection.gogithub.com/wandb/wandb/core/internal/filestream.(*fileStream).startProcessingUpdates.func1:(697)
 +	0x12b/project/core/internal/filestream/filestreamimpl.go
:32 +0x126
 fp=goroutine 0xf2088405fe0 sp=690xf2088405ef8 gp= pc=0x145f370109600x145db66 m=nil
 [runtime.goexitselect(]{:
})
	/usr/local/go/src/runtime/asm_amd64.s:1264 +0x1 fp=0xf2088405fe8 sp=0xf2088405fe0 pc=0x498ea1
created by github.com/wandb/wandb/core/internal/filestream.(*fileStream).startProcessingUpdates in goroutine 116
	/project/core/internal/filestream/filestreamimpl.go:27 +0x99
runtime.gopark(0x145f36b9df28?, 0x3?, 0x60?, 0xe8?, 0x145f36b9defa?)
	/usr/local/go/src/runtime/proc.go:474 +0xca fp=0x145f36b9dd80 sp=0x145f36b9dd60 pc=0x491b8a

runtime.selectgogoroutine (1670x145f36b9df28 gp=, 0xf2088158f000x145f36b9def4 m=nil,  [0x145f36970320chan receive?, , 10x0 minutes], :
0x145f36c22008?, 0x1runtime.gopark)
(	0xf2088a56500/usr/local/go/src/runtime/select.go?:351,  +0x2f719000xa97? fp=, 0x145f36b9dec00xe0 sp=?0x145f36b9dd80,  pc=0x860x469bb7?
, 0x151391e3eda8?)
	/usr/local/go/src/runtime/proc.go:474 +0xca fp=0xf208840dea0 sp=0xf208840de80 pc=0x491b8a
runtime.chanrecv(0xf20879b10a0, 0xf20889e9f90, 0x1)
	/usr/local/go/src/runtime/chan.go:667 +0x4ae fp=0xf208840df18 sp=0xf208840dea0 pc=0x41d38e
runtime.chanrecv2(0x2f6e7f0?, 0xf2088a48460?)
	/usr/local/go/src/runtime/chan.go:514 +0x12 fp=0xf208840df40 sp=0xf208840df18 pc=0x41ced2
go.opentelemetry.io/otel/sdk/metric.(*PeriodicReader).run(0x145f369b6c00, {0x2f6e7f0, 0x145f36970320}google.golang.org/grpc/internal/grpcsync.(*CallbackSerializer).run, (0xdf84758000xf20887f32a0)
, 	{/project/core/vendor/go.opentelemetry.io/otel/sdk/metric/periodic_reader.go0x2f6e7f0:, 1990xf2088a48460 +}0x125)
 fp=	0x145f36b9df90/project/core/vendor/google.golang.org/grpc/internal/grpcsync/callback_serializer.go sp=:0x145f36b9dec0 pc=114 +0xb00f850xee
 fp=0xf208840dfb8go.opentelemetry.io/otel/sdk/metric.NewPeriodicReader.func2 sp=(0xf208840df40)
 pc=	0x9afc8e/project/core/vendor/go.opentelemetry.io/otel/sdk/metric/periodic_reader.go
:137 +0x4f fp=0x145f36b9dfe0 sp=0x145f36b9df90 pc=0xb08fcf
runtime.goexit({})
	/usr/local/go/src/runtime/asm_amd64.s:1264 +0x1 fp=0x145f36b9dfe8 sp=0x145f36b9dfe0 pc=0x498ea1
created by go.opentelemetry.io/otel/sdk/metric.NewPeriodicReader in goroutine 85
	/project/core/vendor/go.opentelemetry.io/otel/sdk/metric/periodic_reader.go:135 +0x2e5

goroutine 70 gp=0x145f37010b40google.golang.org/grpc/internal/grpcsync.NewCallbackSerializer.gowrap1 m=nil( [select)
	]/project/core/vendor/google.golang.org/grpc/internal/grpcsync/callback_serializer.go::
57 +0x1fruntime.gopark fp=(0xf208840dfe00x145f36f8df18 sp=?0xf208840dfb8, 0x4 pc=?0x9b02bf
, 0x78runtime.goexit?(, {0xdd}?)
, 	0x145f36f8dea8/usr/local/go/src/runtime/asm_amd64.s:?1264)
 +	0x1/usr/local/go/src/runtime/proc.go fp=:0xf208840dfe8474 sp= +0xf208840dfe00xca pc= fp=0x498ea10x145f36f8dd28
 sp=0x145f36f8dd08created by  pc=google.golang.org/grpc/internal/grpcsync.NewCallbackSerializer0x491b8a in goroutine 
118
	/project/core/vendor/google.golang.org/grpc/internal/grpcsync/callback_serializer.go:57 +0x13d

runtime.selectgogoroutine (580x145f36f8df18 gp=, 0xf20881590e00x145f36f8dea0 m=nil,  [0x200chan receive?, ]:
0x0, 0x0runtime.gopark?(, 0x14572010x1?)
, 	0xf2088400eb8/usr/local/go/src/runtime/select.go?:, 3510x90 +?0xa97,  fp=0x145f36f8de680xe sp=?0x145f36f8dd28,  pc=0x30bb6800x469bb7?
)
	/usr/local/go/src/runtime/proc.gogo.opentelemetry.io/otel/sdk/log.(*BatchProcessor).process.func1:(474)
 +	0xca/project/core/vendor/go.opentelemetry.io/otel/sdk/log/batch.go fp=:0xf2088400e50170 sp= +0xf2088400e300x299 pc= fp=0x491b8a0x145f36f8dfe0
 sp=0x145f36f8de68runtime.chanrecv pc=(0xad8e590xf208826e690
, runtime.goexit0xf2088400f68(, {0x1})
)
		/usr/local/go/src/runtime/chan.go/usr/local/go/src/runtime/asm_amd64.s::6671264 + +0x4ae0x1 fp= fp=0xf2088400ec80x145f36f8dfe8 sp= sp=0xf2088400e500x145f36f8dfe0 pc= pc=0x41d38e0x498ea1

runtime.chanrecv2created by (go.opentelemetry.io/otel/sdk/log.(*BatchProcessor).process0xf2088692280 in goroutine ?85, 
0xf2088525950	?/project/core/vendor/go.opentelemetry.io/otel/sdk/log/batch.go)
:	132/usr/local/go/src/runtime/chan.go +:0x67514
 +0x12 fp=
0xf2088400ef0goroutine  sp=1310xf2088400ec8 gp= pc=0x145f37010f000x41ced2 m=nil
 [selectgithub.com/wandb/wandb/core/internal/filestream.CollectLoop.Start.func1](:
)
	/project/core/internal/filestream/collectloop.goruntime.gopark:(410x145f36e4df28 +?0x105,  fp=0x30xf2088400fe0? sp=, 0xf2088400ef00x60 pc=?0x145d8c5, 
0xe8runtime.goexit({})
	/usr/local/go/src/runtime/asm_amd64.s:1264 +0x1 fp=0xf2088400fe8 sp=0xf2088400fe0 pc=0x498ea1
created by github.com/wandb/wandb/core/internal/filestream.CollectLoop.Start in goroutine 116
	/project/core/internal/filestream/collectloop.go:37 +0x185
?, 0x145f36e4defa?)
	/usr/local/go/src/runtime/proc.go:474 +0xca fp=0x145f36e4dd80 sp=0x145f36e4dd60 pc=0x491b8a
runtime.selectgo(0x145f36e4df28, 0x145f36e4def4, 0x145f3782abe0?, 0x0, 0x145f37010f00?, 0x1)
	/usr/local/go/src/runtime/select.go:351 +0xa97 fp=0x145f36e4dec0 sp=0x145f36e4dd80 pc=0x469bb7
go.opentelemetry.io/otel/sdk/metric.(*PeriodicReader).run(0x145f378400c0, {0x2f6e7f0, 0x145f3782abe0}, 0xdf8475800)
	/project/core/vendor/go.opentelemetry.io/otel/sdk/metric/periodic_reader.go:199 +0x125 fp=0x145f36e4df90 sp=
0x145f36e4dec0goroutine  pc=550xb00f85 gp=
0xf20881592c0 m=nil [go.opentelemetry.io/otel/sdk/metric.NewPeriodicReader.func2select()
]	:
/project/core/vendor/go.opentelemetry.io/otel/sdk/metric/periodic_reader.go:137 +runtime.gopark0x4f( fp=0xf20887ae7400x145f36e4dfe0? sp=, 0x145f36e4df900x3 pc=?0xb08fcf, 
0x6a?runtime.goexit, (0x67{?}, )
0xf20887ae732	?/usr/local/go/src/runtime/asm_amd64.s)
:	1264/usr/local/go/src/runtime/proc.go +:0x1474 fp= +0x145f36e4dfe80xca sp= fp=0x145f36e4dfe0 pc=0xf20887ae5b80x498ea1 sp=
0xf20887ae598created by  pc=go.opentelemetry.io/otel/sdk/metric.NewPeriodicReader0x491b8a in goroutine 
85
	/project/core/vendor/go.opentelemetry.io/otel/sdk/metric/periodic_reader.go:135 +0x2e5
runtime.selectgo(0xf20887ae740, 0xf20887ae72c, 0xf20887ae790?, 0x0, 0xf20879a1b00?, 0x1)
	/usr/local/go/src/runtime/select.go:351 +0xa97 fp=0xf20887ae6f8 sp=0xf20887ae5b8 pc=0x469bb7

goroutine github.com/wandb/wandb/core/internal/monitor.(*SystemMonitor).loop27( gp=0xf20885324200x145f370112c0)
 m=nil	 [/project/core/internal/monitor/monitor.gochan receive:445] +:
0xce fp=0xf20887ae798runtime.gopark sp=(0xf20887ae6f8 pc=0x165e24e0x145f37738008
?, 0x145f36c856f8?, 0x9b?, 0x71?, 0x145f37b22f50?)
	/usr/local/go/src/runtime/proc.go:474 +0xca fp=0x145f36c85668 sp=0x145f36c85648 pc=0x491b8a
runtime.chanrecv(0x145f369157a0, 0x145f36c85788, 0x1)
	/usr/local/go/src/runtime/chan.go:667 +0x4ae fp=0x145f36c856e0 sp=0x145f36c85668 pc=0x41d38e
runtime.chanrecv2(0x145f37b22f50?, 0x2f71360?)
	/usr/local/go/src/runtime/chan.go:514 +0x12 fp=0x145f36c85708 sp=0x145f36c856e0 pc=0x41ced2
github.com/wandb/wandb/core/internal/monitor.(*SystemMonitor).Start.func1()
	/project/core/internal/monitor/monitor.go:379 +0x17 fp=0xf20887ae7b0 sp=0xf20887ae798 pc=0x1667897
github.com/wandb/wandb/core/internal/stream.(*FlowControl).Do.func1()
	/project/core/internal/stream/flowcontrol.go:62 +0xf8 fp=0x145f36c857e0 sp=0x145f36c85708 pc=0x170a278
runtime.goexit({})
	/usr/local/go/src/runtime/asm_amd64.s:1264 +0x1 fp=0x145f36c857e8sync.(*WaitGroup).Go.func1 sp=(0x145f36c857e0)
 pc=	0x498ea1/usr/local/go/src/sync/waitgroup.go
:258 +0x4a fp=0xf20887ae7e0 sp=0xf20887ae7b0created by  pc=0x4a402a
runtime.goexit({}github.com/wandb/wandb/core/internal/stream.(*FlowControl).Do)
 in goroutine 	47/usr/local/go/src/runtime/asm_amd64.s
:1264 +0x1 fp=0xf20887ae7e8 sp=0xf20887ae7e0 pc=0x498ea1
created by sync.(*WaitGroup).Go in goroutine 49	
/project/core/internal/stream/flowcontrol.go	:/usr/local/go/src/sync/waitgroup.go59: +2380x71 +
0x7d

goroutine 59 gp=0xf20881594a0 m=nil [select]:
runtime.gopark(0xf2088077f80?, 0x2?, 0x68?, 0x87?, 0xf2088077f3c?)
	/usr/local/go/src/runtime/proc.go:474 +0xca fp=0xf2088077dc0 sp=0xf2088077da0 pc=0x491b8a
runtime.selectgo(0xf2088077f80, 0xf2088077f38, 0x0?, 0x0, 0x0?, 0x1)
	/usr/local/go/src/runtime/select.go:351 +0xa97 fp=0xf2088077f00 sp=0xf2088077dc0 pc=0x469bb7

goroutine 46 gp=0x145f37011a40 m=nil [chan receive]:
runtime.gopark(0x145f36a860e0?, 0x145f36d928c0github.com/wandb/wandb/core/internal/filestream.(*TransmitChan).NextRequest?(, ...0x3f)
?	, /project/core/internal/filestream/transmitchan.go0x0:?62, 
0x145f37c05da0github.com/wandb/wandb/core/internal/filestream.TransmitLoop.Start.func1?()
)
		/usr/local/go/src/runtime/proc.go/project/core/internal/filestream/transmitloop.go::47429 + +0xca0x165 fp= fp=0x145f37c05d500xf2088077fe0 sp= sp=0x145f37c05d300xf2088077f00 pc= pc=0x491b8a0x145e4a5

runtime.goexit({runtime.chanrecv}()
0x145f36a8fb90	, /usr/local/go/src/runtime/asm_amd64.s0x145f37c05f20:, 12640x1 +)
0x1	 fp=/usr/local/go/src/runtime/chan.go:0xf2088077fe8667 sp= +0xf2088077fe00x4ae pc= fp=0x498ea10x145f37c05dc8
 sp=created by 0x145f37c05d50 pc=github.com/wandb/wandb/core/internal/filestream.TransmitLoop.Start0x41d38e in goroutine 
116
runtime.chanrecv2	(/project/core/internal/filestream/transmitloop.go0x145f37a98020:?20,  +0x2f6e7800xc8?
)
	/usr/local/go/src/runtime/chan.go:514 +0x12 fp=0x145f37c05df0 sp=0x145f37c05dc8 pc=0x41ced2

goroutine 139 gp=0xf2088159680 m=nil [IO waitgithub.com/wandb/wandb/core/internal/stream.(*Writer).Do]:
(runtime.gopark0x145f36ab35c0(, 0x757f310x145f36a8fb90?)
, 	0x0/project/core/internal/stream/writer.go?:, 710x27 +?0x173,  fp=0x00x145f37c05fb8?,  sp=0x270x145f37c05df0? pc=0x17099f3)

	/usr/local/go/src/runtime/proc.go:474 +0xca fp=0xf2087f15820 sp=0xf2087f15800 pc=0x491b8a
github.com/wandb/wandb/core/internal/stream.(*Stream).maybeSavingToTransactionLog.func1()
	/project/core/internal/stream/stream.go:228 +0x25 fp=0x145f37c05fe0 sp=0x145f37c05fb8 pc=0x170b7c5
runtime.goexit({})
	/usr/local/go/src/runtime/asm_amd64.s:1264 +0x1 fp=0x145f37c05fe8 sp=0x145f37c05fe0 pc=0x498ea1
created by runtime.netpollblock(0xffffffffffffffff?, 0x87f158a0?, 0x20?)
	/usr/local/go/src/runtime/netpoll.go:575 +0xf7github.com/wandb/wandb/core/internal/stream.(*Stream).maybeSavingToTransactionLog fp= in goroutine 0xf2087f1585885 sp=
0xf2087f15820 pc=0x450557
	/project/core/internal/stream/stream.go:227 +0x57d
internal/poll.runtime_pollWait
(goroutine 0x15134aa23a0045,  gp=0x72)
0x145f37011c20	 m=nil/usr/local/go/src/runtime/netpoll.go [:chan receive351] +:
0x85 fp=0xf2087f15878runtime.gopark sp=(0xf2087f158580x145f37505800 pc=?0x490d85, 
0x15105d692d28?, 0x7e?, 0x0?, 0x1510a630c418?)
	/usr/local/go/src/runtime/proc.go:474 +0xca fp=0x145f36c30e18 sp=0x145f36c30df8 pc=0x491b8a
runtime.chanrecv(0x145f36a8e3f0, 0x145f36c30f60, 0x1)
	/usr/local/go/src/runtime/chan.go:667 +0x4ae fp=0x145f36c30e90 sp=0x145f36c30e18 pc=0x41d38e
runtime.chanrecv2(0x10?, 0x2d87530?)
	/usr/local/go/src/runtime/chan.go:514 +0x12 fp=0x145f36c30eb8 sp=0x145f36c30e90 pc=0x41ced2
github.com/wandb/wandb/core/internal/stream.(*Handler).Do(0x145f376641e0, 0x145f36a8e3f0)
	/project/core/internal/stream/handler.go:160 +0xc5 fp=0x145f36c30fb8 sp=0x145f36c30eb8 pc=0x16f7d85
github.com/wandb/wandb/core/internal/stream.(*Stream).Start.func1()
internal/poll.(*pollDesc).wait	/project/core/internal/stream/stream.go:166 +(0xf2087f0ba000x38? fp=, 0x145f36c30fe0 sp=0xf20877fd5000x145f36c30fb8? pc=, 0x170b7180x0
)
	runtime.goexit/usr/local/go/src/internal/poll/fd_poll_runtime.go:(84{ +}0x27)
 fp=	0xf2087f158b0/usr/local/go/src/runtime/asm_amd64.s sp=:0xf2087f158781264 pc= +0x5097870x1
 fp=0x145f36c30fe8 sp=0x145f36c30fe0 pc=0x498ea1
created by github.com/wandb/wandb/core/internal/stream.(*Stream).Start in goroutine 85
	/project/core/internal/stream/stream.go:165 +0x76
internal/poll.(*pollDesc).waitRead(...)
	/usr/local/go/src/internal/poll/fd_poll_runtime.go:89
internal/poll.(*FD).Read(0xf2087f0ba00, 
{0xf20877fd500goroutine , 1150x1500 gp=, 0x145f36c08d200x1500 m=nil} [)
IO wait	, /usr/local/go/src/internal/poll/fd_unix.go1: minutes170 +]0x2a8:
 fp=0xf2087f15948 sp=0xf2087f158b0runtime.gopark pc=(0x50a8080x757f31
?, 0x0?, 0x27?, 0x0?, 0x27?)
	/usr/local/go/src/runtime/proc.go:474 +0xca fp=0x145f36b99820 sp=0x145f36b99800 pc=0x491b8a
runtime.netpollblock(0xffffffffffffffff?, 0x36b998a0?, 0x5f?)
	/usr/local/go/src/runtime/netpoll.go:575 +0xf7 fp=0x145f36b99858 sp=0x145f36b99820 pc=0x450557
internal/poll.runtime_pollWait(0x1510a6031c00, 0x72)
	/usr/local/go/src/runtime/netpoll.go:351 +0x85 fp=0x145f36b99878 sp=0x145f36b99858 pc=0x490d85
internal/poll.(*pollDesc).wait(0x145f369bc400?, 0x145f36ae7500?, 0x0)
	/usr/local/go/src/internal/poll/fd_poll_runtime.go:84 +0x27 fp=0x145f36b998b0 sp=0x145f36b99878 pc=0x509787
net.(*netFD).Read(0xf2087f0ba00, {0xf20877fd500?, 0x3?, 0xf2087f159d8?}internal/poll.(*pollDesc).waitRead()
...	)
/usr/local/go/src/net/fd_posix.go	:/usr/local/go/src/internal/poll/fd_poll_runtime.go68: +890x25
 fp=0xf2087f15990 sp=0xf2087f15948internal/poll.(*FD).Read pc=(0x6ee3850x145f369bc400
, {0x145f36ae7500, 0x1500, 0x1500})
	/usr/local/go/src/internal/poll/fd_unix.go:170 +0x2a8 fp=0x145f36b99948 sp=0x145f36b998b0 pc=0x50a808
net.(*netFD).Read(0x145f369bc400, {0x145f36ae7500?, 0x3?, 0x145f36b999d8?})
	/usr/local/go/src/net/fd_posix.go:68 +0x25 fp=0x145f36b99990 sp=0x145f36b99948net.(*conn).Read pc=0x6ee385(
0xf2087c022f8, {0xf20877fd500?, 0xf2087f15a00?, 0xf2087f15a48?})
	/usr/local/go/src/net/net.go:196 +0x45 fp=0xf2087f159d8 sp=0xf2087f15990 pc=0x6fd765net.(*conn).Read
(0x145f36d02020, {0x145f36ae7500?, 0x145f36b99a00?, 0x757e1c?})
	/usr/local/go/src/net/net.go:196 +0x45 fp=0x145f36b999d8 sp=0x145f36b99990 pc=0x6fd765
crypto/tls.(*Conn).readFromUntil(0xf2088150c08, {0x2f56258, crypto/tls.(*Conn).readFromUntil0xf2087c022f8(}0x145f36cd4008, , 0xf2087f15c20{0x2f56258?, )
0x145f36d02020	}/usr/local/go/src/crypto/tls/conn.go, :0x145f36b99c20820? +)
0xf4	 fp=0xf2087f15a48/usr/local/go/src/crypto/tls/conn.go sp=:0xf2087f159d8820 pc= +0x761b340xf4
 fp=0x145f36b99a48 sp=0x145f36b999d8 pc=0x761b34
crypto/tls.(*Conn).readRecordOrCCS(0xf2088150c08, 0x0)
	/usr/local/go/src/crypto/tls/conn.go:626 +0x3fb fp=0xf2087f15c30 sp=0xf2087f15a48 pc=0x75eb9b
crypto/tls.(*Conn).readRecordOrCCS(0x145f36cd4008, 0x0)
	/usr/local/go/src/crypto/tls/conn.go:626 +0x3fb fp=0x145f36b99c30 sp=0x145f36b99a48 pc=0x75eb9b
crypto/tls.(*Conn).readRecord(...)
	/usr/local/go/src/crypto/tls/conn.go:588crypto/tls.(*Conn).readRecord
(crypto/tls.(*Conn).Read...()
0xf2088150c08	, /usr/local/go/src/crypto/tls/conn.go:{5880xf2088288000
, 0x1000crypto/tls.(*Conn).Read, (0xf2088150c080x145f36cd4008?, }{)
0x145f377d7000	, 0x1000/usr/local/go/src/crypto/tls/conn.go, :0x145f36cd40081392? +}0x148)
 fp=	0xf2087f15c98/usr/local/go/src/crypto/tls/conn.go sp=:0xf2087f15c301392 pc= +0x7653480x148
 fp=0x145f36b99c98 sp=0x145f36b99c30 pc=0x765348
bufio.(*Reader).Readbufio.(*Reader).Read(0xf208778ae40, {0xf208828c044, 0x9, 0x807a85?})
	/usr/local/go/src/bufio/bufio.go:245 +0x193 fp=0xf2087f15cd0 sp=0xf2087f15c98 pc=0x5c25b3
io.ReadAtLeast({0x2f51b78, 0xf208778ae40}, {0xf208828c044, 0x9, 0x9}, 0x9)
	/usr/local/go/src/io/io.go:335 +0x83 fp=0xf2087f15d18 sp=0xf2087f15cd0 pc=0x4fea23
(0x145f37653c80, {io.ReadFull(...)
	/usr/local/go/src/io/io.go:354
net/http/internal/http2.readFrameHeader({0xf208828c044, 0x9, 0x7fc667?}, {0x2f51b78?, 0xf208778ae40?})
	/usr/local/go/src/net/http/internal/http2/frame.go:252 +0x65 fp=0xf2087f15d68 sp=0xf2087f15d18 pc=0x7d8185
net/http/internal/http2.(*Framer).ReadFrameHeader(0xf208828c000)
	/usr/local/go/src/net/http/internal/http2/frame.go:525 +0x67 fp=0xf2087f15de0 sp=0xf2087f15d68 pc=0x7d87e7
net/http/internal/http2.(*Framer).ReadFrame(0xf208828c000)
	/usr/local/go/src/net/http/internal/http2/frame.go:584 +0x18 fp=0xf2087f15e18 sp=0xf2087f15de0 pc=0x7d8f78
0x145f36a078a4net/http/internal/http2.(*clientConnReadLoop).run(0xf2087f15fa8)
	/usr/local/go/src/net/http/internal/http2/transport.go:2047 +0xdb fp=0xf2087f15f60 sp=0xf2087f15e18 pc=0x7f841b
net/http/internal/http2.(*ClientConn).readLoop(0xf208863a000)
	/usr/local/go/src/net/http/internal/http2/transport.go:1913 +0x52 fp=0xf2087f15fc8 sp=0xf2087f15f60 pc=0x7f79d2
net/http/internal/http2.(*Transport).newClientConn.gowrap1()
	/usr/local/go/src/net/http/internal/http2/transport.go:703 +0x17 fp=0xf2087f15fe0 sp=0xf2087f15fc8 pc=0x803b97
runtime.goexit({})
	/usr/local/go/src/runtime/asm_amd64.s:1264 +0x1 fp=0xf2087f15fe8 sp=0xf2087f15fe0 pc=0x498ea1
created by net/http/internal/http2.(*Transport).newClientConn in goroutine 138
	/usr/local/go/src/net/http/internal/http2/transport.go:703 +0xda7

goroutine 166 gp=0xf2088159a40 m=nil [chan receive, 1 minutes]:
runtime.gopark(0xf20881c81e0?, 0x4?, 0x0?, 0x0?, 0x0?)
	/usr/local/go/src/runtime/proc.go:474 +0xca fp=0xf2088f00ea0 sp=0xf2088f00e80 pc=0x491b8a
runtime.chanrecv(0xf20879b1030, 0xf2088aaff90, 0x1)
	/usr/local/go/src/runtime/chan.go:667 +0x4ae fp=0xf2088f00f18 sp=0xf2088f00ea0 pc=0x41d38e
runtime.chanrecv2(0x2f6e7f0?, 0xf2088a48410?)
	/usr/local/go/src/runtime/chan.go:514 +0x12 fp=0xf2088f00f40 sp=0xf2088f00f18 pc=0x41ced2
google.golang.org/grpc/internal/grpcsync.(*CallbackSerializer).run(0xf20887f3270, {0x2f6e7f0, 0xf2088a48410})
	/project/core/vendor/google.golang.org/grpc/internal/grpcsync/callback_serializer.go:114 +0xee fp=0xf2088f00fb8 sp=0xf2088f00f40 pc=0x9afc8e
google.golang.org/grpc/internal/grpcsync.NewCallbackSerializer.gowrap1()
	/project/core/vendor/google.golang.org/grpc/internal/grpcsync/callback_serializer.go:57 +0x1f fp=0xf2088f00fe0 sp=0xf2088f00fb8 pc=0x9b02bf
runtime.goexit({})
	/usr/local/go/src/runtime/asm_amd64.s:1264 +0x1 fp=0xf2088f00fe8 sp=0xf2088f00fe0 pc=0x498ea1
created by google.golang.org/grpc/internal/grpcsync.NewCallbackSerializer in goroutine 118
	/project/core/vendor/google.golang.org/grpc/internal/grpcsync/callback_serializer.go:57 +0x13d

goroutine 144 gp=0xf2088159c20 m=nil [select, 1 minutes]:
runtime.gopark(0xf2088aaff78?, 0x2?, 0x86?, 0x6c?, 0xf2088aaff74?)
	/usr/local/go/src/runtime/proc.go:474 +0xca fp=0xf208840fe00 sp=0xf208840fde0 pc=0x491b8a
runtime.selectgo(0xf208840ff78, 0xf2088aaff70, 0xf2087d00360?, 0x0, 0xf20887af788?, 0x1)
	/usr/local/go/src/runtime/select.go:351 +0xa97 fp=0xf208840ff40 sp=0xf208840fe00 pc=0x469bb7
, github.com/wandb/wandb/core/internal/runupserter.(*RunUpserter).syncPeriodically(0xf2087f0ee70)
	/project/core/internal/runupserter/runupserter.go:530 +0x65 fp=0xf208840ffa8 sp=0xf208840ff40 pc=0x149ede5
github.com/wandb/wandb/core/internal/runupserter.InitRun.func2()
	/project/core/internal/runupserter/runupserter.go:268 +0x49 fp=0xf208840ffe0 sp=0xf208840ffa8 pc=0x14a0049
runtime.goexit({})
	/usr/local/go/src/runtime/asm_amd64.s:1264 +0x1 fp=0xf208840ffe8 sp=0xf208840ffe0 pc=0x498ea1
created by github.com/wandb/wandb/core/internal/runupserter.InitRun in goroutine 116
	/project/core/internal/runupserter/runupserter.go:266 +0xcd1

goroutine 196 gp=0xf2088c781e0 m=nil [IO wait, 1 minutes]:
runtime.gopark(0x757f31?, 0x0?, 0x27?, 0x0?, 0x27?)
	/usr/local/go/src/runtime/proc.go:474 +0xca fp=0xf2087767820 sp=0xf2087767800 pc=0x491b8a
runtime.netpollblock(0xffffffffffffffff?, 0x877678a0?, 0x20?)
	/usr/local/go/src/runtime/netpoll.go:575 +0xf7 fp=0xf2087767858 sp=0xf2087767820 pc=0x450557
internal/poll.runtime_pollWait(0x15134aa23400, 0x72)
	/usr/local/go/src/runtime/netpoll.go:351 +0x85 fp=0xf2087767878 sp=0xf2087767858 pc=0x490d85
internal/poll.(*pollDesc).wait(0xf20882c4900?, 0xf2088179800?, 0x0)
	/usr/local/go/src/internal/poll/fd_poll_runtime.go:84 +0x27 fp=0xf20877678b0 sp=0xf2087767878 pc=0x509787
internal/poll.(*pollDesc).waitRead(...)
	/usr/local/go/src/internal/poll/fd_poll_runtime.go:89
internal/poll.(*FD).Read(0xf20882c4900, {0xf2088179800, 0x1800, 0x1800})
	/usr/local/go/src/internal/poll/fd_unix.go:170 +0x2a8 fp=0xf2087767948 sp=0xf20877678b0 pc=0x50a808
net.(*netFD).Read(0xf20882c4900, {0xf2088179800?, 0x3?, 0xf20877679d8?})
	/usr/local/go/src/net/fd_posix.go:68 +0x25 fp=0xf2087767990 sp=0xf2087767948 pc=0x6ee385
net.(*conn).Read(0xf2087c02bf0, {0xf2088179800?, 0xf2087767a00?, 0x757e1c?})
	/usr/local/go/src/net/net.go:196 +0x45 fp=0xf20877679d8 sp=0xf2087767990 pc=0x6fd765
crypto/tls.(*Conn).readFromUntil(0xf2088d62408, {0x2f56258, 0xf2087c02bf0}, 0xf2087767c20?)
	/usr/local/go/src/crypto/tls/conn.go:820 +0xf4 fp=0xf2087767a48 sp=0xf20877679d8 pc=0x761b34
crypto/tls.(*Conn).readRecordOrCCS(0xf2088d62408, 0x0)
	/usr/local/go/src/crypto/tls/conn.go:626 +0x3fb fp=0xf2087767c30 sp=0xf2087767a48 pc=0x75eb9b
crypto/tls.(*Conn).readRecord(...)
	/usr/local/go/src/crypto/tls/conn.go:588
crypto/tls.(*Conn).Read(0xf2088d62408, {0xf208829e000, 0x1000, 0xf2088d62408?})
	/usr/local/go/src/crypto/tls/conn.go:1392 +0x148 fp=0xf2087767c98 sp=0xf2087767c30 pc=0x765348
bufio.(*Reader).Read(0xf2088b3d680, {0xf208786dd54, 0x9, 0x807a85?})
	/usr/local/go/src/bufio/bufio.go:245 +0x193 fp=0xf2087767cd0 sp=0xf2087767c98 pc=0x5c25b3
io.ReadAtLeast({0x2f51b78, 0xf2088b3d680}, {0xf208786dd54, 0x9, 0x9}, 0x9)
	/usr/local/go/src/io/io.go:335 +0x83 fp=0xf2087767d18 sp=0xf2087767cd0 pc=0x4fea23
io.ReadFull(...)
	/usr/local/go/src/io/io.go:354
net/http/internal/http2.readFrameHeader({0xf208786dd54, 0x9, 0x7fc667?}, {0x2f51b78?, 0xf2088b3d680?})
	/usr/local/go/src/net/http/internal/http2/frame.go:252 +0x65 fp=0xf2087767d68 sp=0xf2087767d18 pc=0x7d8185
net/http/internal/http2.(*Framer).ReadFrameHeader(0xf208786dd10)
	/usr/local/go/src/net/http/internal/http2/frame.go:525 +0x67 fp=0xf2087767de0 sp=0xf2087767d68 pc=0x7d87e7
net/http/internal/http2.(*Framer).ReadFrame(0xf208786dd10)
	/usr/local/go/src/net/http/internal/http2/frame.go:584 +0x18 fp=0xf2087767e18 sp=0xf2087767de0 pc=0x7d8f78
net/http/internal/http2.(*clientConnReadLoop).run(0xf2087767fa8)
	/usr/local/go/src/net/http/internal/http2/transport.go:2047 +0xdb fp=0xf2087767f60 sp=0xf2087767e18 pc=0x7f841b
net/http/internal/http2.(*ClientConn).readLoop(0xf208851ee00)
	/usr/local/go/src/net/http/internal/http2/transport.go:1913 +0x52 fp=0xf2087767fc8 sp=0xf2087767f60 pc=0x7f79d2
net/http/internal/http2.(*Transport).newClientConn.gowrap1()
	/usr/local/go/src/net/http/internal/http2/transport.go:703 +0x17 fp=0xf2087767fe0 sp=0xf2087767fc8 pc=0x803b97
runtime.goexit({})
	/usr/local/go/src/runtime/asm_amd64.s:1264 +0x1 fp=0xf2087767fe8 sp=0xf2087767fe0 pc=0x498ea1
created by net/http/internal/http2.(*Transport).newClientConn in goroutine 195
	/usr/local/go/src/net/http/internal/http2/transport.go:703 +0xda7

goroutine 163 gp=0xf2088c78780 m=nil [IO wait]:
runtime.gopark(0x757f31?, 0x0?, 0x27?, 0x0?, 0x27?)
	/usr/local/go/src/runtime/proc.go:474 +0xca fp=0xf20889e4820 sp=0xf20889e4800 pc=0x491b8a
runtime.netpollblock(0xffffffffffffffff?, 0x889e48a0?, 0x20?)
	/usr/local/go/src/runtime/netpoll.go:575 +0xf7 fp=0xf20889e4858 sp=0xf20889e4820 pc=0x450557
internal/poll.runtime_pollWait(0x15134aa23800, 0x72)
	/usr/local/go/src/runtime/netpoll.go:351 +0x85 fp=0xf20889e4878 sp=0xf20889e4858 pc=0x490d85
internal/poll.(*pollDesc).wait(0xf20889c8180?, 0xf20879f5500?, 0x0)
	/usr/local/go/src/internal/poll/fd_poll_runtime.go:84 +0x27 fp=0xf20889e48b0 sp=0xf20889e4878 pc=0x509787
internal/poll.(*pollDesc).waitRead(...)
	/usr/local/go/src/internal/poll/fd_poll_runtime.go:89
internal/poll.(*FD).Read(0xf20889c8180, {0xf20879f5500, 0x1500, 0x1500})
	/usr/local/go/src/internal/poll/fd_unix.go:170 +0x2a8 fp=0xf20889e4948 sp=0xf20889e48b0 pc=0x50a808
net.(*netFD).Read(0xf20889c8180, {0xf20879f5500?, 0x3?, 0xf20889e49d8?})
	/usr/local/go/src/net/fd_posix.go:68 +0x25 fp=0xf20889e4990 sp=0xf20889e4948 pc=0x6ee385
net.(*conn).Read(0xf20889b6030, {0xf20879f5500?, 0xf20889e4a00?, 0x757e1c?})
	/usr/local/go/src/net/net.go:196 +0x45 fp=0xf20889e49d8 sp=0xf20889e4990 pc=0x6fd765
crypto/tls.(*Conn).readFromUntil(0xf20889f4008, {0x2f56258, 0xf20889b6030}, 0xf20889e4c20?)
	/usr/local/go/src/crypto/tls/conn.go:820 +0xf4 fp=0xf20889e4a48 sp=0xf20889e49d8 pc=0x761b34
crypto/tls.(*Conn).readRecordOrCCS(0xf20889f4008, 0x0)
	/usr/local/go/src/crypto/tls/conn.go:626 +0x3fb fp=0xf20889e4c30 sp=0xf20889e4a48 pc=0x75eb9b
crypto/tls.(*Conn).readRecord(...)
	/usr/local/go/src/crypto/tls/conn.go:588
crypto/tls.(*Conn).Read(0xf20889f4008, {0xf2088a9c000, 0x1000, 0xf20889f4008?})
	/usr/local/go/src/crypto/tls/conn.go:1392 +0x148 fp=0xf20889e4c98 sp=0xf20889e4c30 pc=0x765348
bufio.(*Reader).Read(0xf20888d1740, {0xf2088a9e044, 0x9, 0x807a85?})
	/usr/local/go/src/bufio/bufio.go:245 +0x193 fp=0xf20889e4cd0 sp=0xf20889e4c98 pc=0x5c25b3
io.ReadAtLeast({0x2f51b78, 0xf20888d1740}, {0xf2088a9e044, 0x9, 0x9}, 0x9)
	/usr/local/go/src/io/io.go:335 +0x83 fp=0xf20889e4d18 sp=0xf20889e4cd0 pc=0x4fea23
io.ReadFull(...)
	/usr/local/go/src/io/io.go:354
net/http/internal/http2.readFrameHeader({0xf2088a9e044, 0x9, 0x7fc667?}, {0x2f51b78?, 0xf20888d1740?})
	/usr/local/go/src/net/http/internal/http2/frame.go:252 +0x65 fp=0xf20889e4d68 sp=0xf20889e4d18 pc=0x7d8185
net/http/internal/http2.(*Framer).ReadFrameHeader(0xf2088a9e000)
	/usr/local/go/src/net/http/internal/http2/frame.go:525 +0x67 fp=0xf20889e4de0 sp=0xf20889e4d68 pc=0x7d87e7
net/http/internal/http2.(*Framer).ReadFrame(0xf2088a9e000)
	/usr/local/go/src/net/http/internal/http2/frame.go:584 +0x18 fp=0xf20889e4e18 sp=0xf20889e4de0 pc=0x7d8f78
net/http/internal/http2.(*clientConnReadLoop).run(0xf20889e4fa8)
	/usr/local/go/src/net/http/internal/http2/transport.go:2047 +0xdb fp=0xf20889e4f60 sp=0xf20889e4e18 pc=0x7f841b
net/http/internal/http2.(*ClientConn).readLoop(0xf208786ee00)
	/usr/local/go/src/net/http/internal/http2/transport.go:1913 +0x52 fp=0xf20889e4fc8 sp=0xf20889e4f60 pc=0x7f79d2
net/http/internal/http2.(*Transport).newClientConn.gowrap1()
	/usr/local/go/src/net/http/internal/http2/transport.go:703 +0x17 fp=0xf20889e4fe0 sp=0xf20889e4fc8 pc=0x803b97
runtime.goexit({})
	/usr/local/go/src/runtime/asm_amd64.s:1264 +0x1 fp=0xf20889e4fe8 sp=0xf20889e4fe0 pc=0x498ea1
created by net/http/internal/http2.(*Transport).newClientConn in goroutine 162
	/usr/local/go/src/net/http/internal/http2/transport.go:703 +0xda7

goroutine 281 gp=0xf2088c78960 m=nil [IO wait]:
runtime.gopark(0x757f31?, 0x0?, 0x27?, 0x0?, 0x27?)
	/usr/local/go/src/runtime/proc.go:474 +0xca fp=0xf20889e3820 sp=0xf20889e3800 pc=0x491b8a
runtime.netpollblock(0xffffffffffffffff?, 0x889e38a0?, 0x20?)
	/usr/local/go/src/runtime/netpoll.go:575 +0xf7 fp=0xf20889e3858 sp=0xf20889e3820 pc=0x450557
internal/poll.runtime_pollWait(0x151348e54e00, 0x72)
	/usr/local/go/src/runtime/netpoll.go:351 +0x85 fp=0xf20889e3878 sp=0xf20889e3858 pc=0x490d85
internal/poll.(*pollDesc).wait(0xf20881edc80?, 0xf2088472000?, 0x0)
	/usr/local/go/src/internal/poll/fd_poll_runtime.go:84 +0x27 fp=0xf20889e38b0 sp=0xf20889e3878 pc=0x509787
internal/poll.(*pollDesc).waitRead(...)
	/usr/local/go/src/internal/poll/fd_poll_runtime.go:89
internal/poll.(*FD).Read(0xf20881edc80, {0xf2088472000, 0x1500, 0x1500})
	/usr/local/go/src/internal/poll/fd_unix.go:170 +0x2a8 fp=0xf20889e3948 sp=0xf20889e38b0 pc=0x50a808
net.(*netFD).Read(0xf20881edc80, {0xf2088472000?, 0x3?, 0xf20889e39d8?})
	/usr/local/go/src/net/fd_posix.go:68 +0x25 fp=0xf20889e3990 sp=0xf20889e3948 pc=0x6ee385
net.(*conn).Read(0xf20889b6050, {0xf2088472000?, 0xf20889e3a00?, 0x757e1c?})
	/usr/local/go/src/net/net.go:196 +0x45 fp=0xf20889e39d8 sp=0xf20889e3990 pc=0x6fd765
crypto/tls.(*Conn).readFromUntil(0xf208805d808, {0x2f56258, 0xf20889b6050}, 0xf20889e3c20?)
	/usr/local/go/src/crypto/tls/conn.go:820 +0xf4 fp=0xf20889e3a48 sp=0xf20889e39d8 pc=0x761b34
crypto/tls.(*Conn).readRecordOrCCS(0xf208805d808, 0x0)
	/usr/local/go/src/crypto/tls/conn.go:626 +0x3fb fp=0xf20889e3c30 sp=0xf20889e3a48 pc=0x75eb9b
crypto/tls.(*Conn).readRecord(...)
	/usr/local/go/src/crypto/tls/conn.go:588
crypto/tls.(*Conn).Read(0xf208805d808, {0xf2088cfd000, 0x1000, 0xf208805d808?})
	/usr/local/go/src/crypto/tls/conn.go:1392 +0x148 fp=0xf20889e3c98 sp=0xf20889e3c30 pc=0x765348
bufio.(*Reader).Read(0xf2088be1440, {0xf2088c744f4, 0x9, 0x807a85?})
	/usr/local/go/src/bufio/bufio.go:245 +0x193 fp=0xf20889e3cd0 sp=0xf20889e3c98 pc=0x5c25b3
io.ReadAtLeast({0x2f51b78, 0xf2088be1440}, {0xf2088c744f4, 0x9, 0x9}, 0x9)
	/usr/local/go/src/io/io.go:335 +0x83 fp=0xf20889e3d18 sp=0xf20889e3cd0 pc=0x4fea23
io.ReadFull(...)
	/usr/local/go/src/io/io.go:354
net/http/internal/http2.readFrameHeader({0xf2088c744f4, 0x9, 0x7fc667?}, {0x2f51b78?, 0xf2088be1440?})
	/usr/local/go/src/net/http/internal/http2/frame.go:252 +0x65 fp=0xf20889e3d68 sp=0xf20889e3d18 pc=0x7d8185
net/http/internal/http2.(*Framer).ReadFrameHeader(0xf2088c744b0)
	/usr/local/go/src/net/http/internal/http2/frame.go:525 +0x67 fp=0xf20889e3de0 sp=0xf20889e3d68 pc=0x7d87e7
net/http/internal/http2.(*Framer).ReadFrame(0xf2088c744b0)
	/usr/local/go/src/net/http/internal/http2/frame.go:584 +0x18 fp=0xf20889e3e18 sp=0xf20889e3de0 pc=0x7d8f78
net/http/internal/http2.(*clientConnReadLoop).run(0xf20889e3fa8)
	/usr/local/go/src/net/http/internal/http2/transport.go:2047 +0xdb fp=0xf20889e3f60 sp=0xf20889e3e18 pc=0x7f841b
net/http/internal/http2.(*ClientConn).readLoop(0xf208863a380)
	/usr/local/go/src/net/http/internal/http2/transport.go:1913 +0x52 fp=0xf20889e3fc8 sp=0xf20889e3f60 pc=0x7f79d2
net/http/internal/http2.(*Transport).newClientConn.gowrap1()
	/usr/local/go/src/net/http/internal/http2/transport.go:703 +0x17 fp=0xf20889e3fe0 sp=0xf20889e3fc8 pc=0x803b97
runtime.goexit({})
	/usr/local/go/src/runtime/asm_amd64.s:1264 +0x1 fp=0xf20889e3fe8 sp=0xf20889e3fe0 pc=0x498ea1
created by net/http/internal/http2.(*Transport).newClientConn in goroutine 280
	/usr/local/go/src/net/http/internal/http2/transport.go:703 +0xda7

goroutine 165 gp=0xf2088c832c0 m=nil [chan receive, 1 minutes]:
runtime.gopark(0x0?, 0x0?, 0xc0?, 0x83?, 0xf20887aef82?)
	/usr/local/go/src/runtime/proc.go:474 +0xca fp=0xf20887aeea0 sp=0xf20887aee80 pc=0x491b8a
runtime.chanrecv(0xf20879b0fc0, 0xf20887aef90, 0x1)
	/usr/local/go/src/runtime/chan.go:667 +0x4ae fp=0xf20887aef18 sp=0xf20887aeea0 pc=0x41d38e
runtime.chanrecv2(0x2f6e7f0?, 0xf2088a483c0?)
	/usr/local/go/src/runtime/chan.go:514 +0x12 fp=0xf20887aef40 sp=0xf20887aef18 pc=0x41ced2
google.golang.org/grpc/internal/grpcsync.(*CallbackSerializer).run(0xf20887f3240, {0x2f6e7f0, 0xf2088a483c0})
	/project/core/vendor/google.golang.org/grpc/internal/grpcsync/callback_serializer.go:114 +0xee fp=0xf20887aefb8 sp=0xf20887aef40 pc=0x9afc8e
google.golang.org/grpc/internal/grpcsync.NewCallbackSerializer.gowrap1()
	/project/core/vendor/google.golang.org/grpc/internal/grpcsync/callback_serializer.go:57 +0x1f fp=0xf20887aefe0 sp=0xf20887aefb8 pc=0x9b02bf
runtime.goexit({})
	/usr/local/go/src/runtime/asm_amd64.s:1264 +0x1 fp=0xf20887aefe8 sp=0xf20887aefe0 pc=0x498ea1
created by google.golang.org/grpc/internal/grpcsync.NewCallbackSerializer in goroutine 118
	/project/core/vendor/google.golang.org/grpc/internal/grpcsync/callback_serializer.go:57 +0x13d

goroutine 227 gp=0xf208823a1e0 m=nil [chan receive, 1 minutes]:
runtime.gopark(0xf2087a7c208?, 0xf2087755782?, 0xa8?, 0x57?, 0xf208823a1e0?)
	/usr/local/go/src/runtime/proc.go:474 +0xca fp=0xf20877556b0 sp=0xf2087755690 pc=0x491b8a
runtime.chanrecv(0xf20876e2310, 0x0, 0x1)
	/usr/local/go/src/runtime/chan.go:667 +0x4ae fp=0xf2087755728 sp=0xf20877556b0 pc=0x41d38e
runtime.chanrecv1(0xf208775577c?, 0xf208768c6a0?)
	/usr/local/go/src/runtime/chan.go:509 +0x12 fp=0xf2087755750 sp=0xf2087755728 pc=0x41ceb2
github.com/wandb/wandb/core/pkg/server.(*Connection).handleApiInit.func1()
	/project/core/pkg/server/connection.go:698 +0x45 fp=0xf20877557e0 sp=0xf2087755750 pc=0x1804765
runtime.goexit({})
	/usr/local/go/src/runtime/asm_amd64.s:1264 +0x1 fp=0xf20877557e8 sp=0xf20877557e0 pc=0x498ea1
created by github.com/wandb/wandb/core/pkg/server.(*Connection).handleApiInit in goroutine 72
	/project/core/pkg/server/connection.go:697 +0x12b
0x9
goroutine 179 gp=0xf20882ce1e0 m=nil [IO wait]:
runtime.gopark(0x4b0118?, 0x41af26?, 0x88?, 0x1b?, 0x9dd01f?)
	/usr/local/go/src/runtime/proc.go:474 +0xca fp=0xf2088411b50 sp=0xf2088411b30 pc=0x491b8a
runtime.netpollblock(0xf2088411bd0?, 0x9e2f90?, 0x0?)
	/usr/local/go/src/runtime/netpoll.go:575 +0xf7 fp=0xf2088411b88 sp=0xf2088411b50 pc=0x450557
internal/poll.runtime_pollWait(0x15134aa23600, 0x72)
	/usr/local/go/src/runtime/netpoll.go:351 +0x85 fp=0xf2088411ba8 sp=0xf2088411b88 pc=0x490d85
internal/poll.(*pollDesc).wait(0xf?, 0xf2088d80190?, 0x0)
	/usr/local/go/src/internal/poll/fd_poll_runtime.go:84 +0x27 fp=0xf2088411be0 sp=0xf2088411ba8 pc=0x509787
internal/poll.(*pollDesc).waitRead(...)
	/usr/local/go/src/internal/poll/fd_poll_runtime.go:89
internal/poll.(*FD).RawRead(0xf20882c4300, 0xf2087813740)
	/usr/local/go/src/internal/poll/fd_unix.go:715 +0x127 fp=0xf2088411c40 sp=0xf2088411be0 pc=0x50eca7
net.(*rawConn).Read(0xf2087c02710, 0xf2088411cb8?)
	/usr/local/go/src/net/rawconn.go:44 +0x36 fp=0xf2088411c88 sp=0xf2088411c40 pc=0x701276
, 0x807a85?}google.golang.org/grpc/internal/transport/readyreader.(*nonBlockingReader).ReadOnReady(0xf20882a0910, 0x9e2dbf?, {0x2f644a8, 0xf20882a5ad0})
	/project/core/vendor/google.golang.org/grpc/internal/transport/readyreader/ready_reader.go:114 +0xa7 fp=0xf2088411ce0 sp=0xf2088411c88 pc=0x9e28c7
google.golang.org/grpc/internal/transport/readyreader.(*bufReadyReader).Read(0xf2087adddc0, {0xf2088284204, 0x9, 0xf2088411d60?})
	/project/core/vendor/google.golang.org/grpc/internal/transport/readyreader/ready_reader.go:221 +0x173 fp=0xf2088411d18 sp=0xf2088411ce0 pc=0x9e2c73
io.ReadAtLeast({0x2f58658, 0xf2087adddc0}, {0xf2088284204, 0x9, 0x9}, 0x9)
	/usr/local/go/src/io/io.go:335 +0x83 fp=0xf2088411d60 sp=0xf2088411d18 pc=0x4fea23
io.ReadFull(...)
	/usr/local/go/src/io/io.go:354
golang.org/x/net/http2.readFrameHeader({0xf2088284204, 0x9, 0x26?}, {0x2f58658?, 0xf2087adddc0?})
	/project/core/vendor/golang.org/x/net/http2/frame.go:250 +0x65 fp=0xf2088411db0 sp=0xf2088411d60 pc=0x9cfb05
golang.org/x/net/http2.(*Framer).ReadFrameHeader(0xf20882841c0)
	/project/core/vendor/golang.org/x/net/http2/frame.go:513 +0x67 fp=0xf2088411e28 sp=0xf2088411db0 pc=0x9d0167
)
	/usr/local/go/src/bufio/bufio.gogoogle.golang.org/grpc/internal/transport.(*framer).readFrame(0xf20882c4500)
	/project/core/vendor/google.golang.org/grpc/internal/transport/http_util.go:493 +0x45 fp=0xf2088411e60 sp=0xf2088411e28 pc=0xa05545
:google.golang.org/grpc/internal/transport.(*http2Client).reader(0xf20882ca6c8, 0xf2087adde30)
	/project/core/vendor/google.golang.org/grpc/internal/transport/http2_client.go:1707 +0x1ba fp=0xf2088411fc0 sp=0xf2088411e60 pc=0x9f8b1a
google.golang.org/grpc/internal/transport.NewHTTP2Client.gowrap4()
	/project/core/vendor/google.golang.org/grpc/internal/transport/http2_client.go:420 +0x1b fp=0xf2088411fe0 sp=0xf2088411fc0 pc=0xa0b29b
runtime.goexit({})
	/usr/local/go/src/runtime/asm_amd64.s:1264 +0x1 fp=0xf2088411fe8 sp=0xf2088411fe0 pc=0x498ea1
created by google.golang.org/grpc/internal/transport.NewHTTP2Client in goroutine 168
	/project/core/vendor/google.golang.org/grpc/internal/transport/http2_client.go:420 +0x1e1d

goroutine 180 gp=0xf20882ce3c0 m=nil [select]:
runtime.gopark(0xf2088401ed8?, 0x2?, 0x68?, 0x1d?, 0xf2088401eac?)
	/usr/local/go/src/runtime/proc.go:474 +0xca fp=0xf2088401d38 sp=0xf2088401d18 pc=0x491b8a
runtime.selectgo(0xf2088401ed8, 0xf2088401ea8, 0xf2087c02708?, 0x0, 0x4a2aaa?, 0x1)
	/usr/local/go/src/runtime/select.go:351 +0xa97 fp=0xf2088401e78 sp=0xf2088401d38 pc=0x469bb7
google.golang.org/grpc/internal/transport.(*controlBuffer).get(0xf20877b0f00, 0x1)
	/project/core/vendor/google.golang.org/grpc/internal/transport/controlbuf.go:420 +0x10a fp=0xf2088401f08 sp=0xf2088401e78 pc=0x9e6aca
google.golang.org/grpc/internal/transport.(*loopyWriter).run(0xf2088aa0500)
	/project/core/vendor/google.golang.org/grpc/internal/transport/controlbuf.go:595 +0x78 fp=0xf2088401f68 sp=0xf2088401f08 pc=0x9e7278
google.golang.org/grpc/internal/transport.NewHTTP2Client.func6()
	/project/core/vendor/google.golang.org/grpc/internal/transport/http2_client.go:478 +0xdb fp=0xf2088401fe0 sp=0xf2088401f68 pc=0xa0b19b
runtime.goexit({})
	/usr/local/go/src/runtime/asm_amd64.s:1264 +0x1 fp=0xf2088401fe8 sp=0xf2088401fe0 pc=0x498ea1
created by google.golang.org/grpc/internal/transport.NewHTTP2Client in goroutine 168
	/project/core/vendor/google.golang.org/grpc/internal/transport/http2_client.go:476 +0x23e5

goroutine 226 gp=0xf2088c790e0 m=nil [select, 1 minutes]:
runtime.gopark(0xf2088243718?, 0x4?, 0x85?, 0xce?, 0xf20882436a8?)
	/usr/local/go/src/runtime/proc.go:474 +0xca fp=0xf2088243528 sp=0xf2088243508 pc=0x491b8a
runtime.selectgo(0xf2088243718, 0xf20882436a0, 0xdb371bb9ea6eb287?, 0x0, 0x29e454556d18239b?, 0x1)
	/usr/local/go/src/runtime/select.go:351 +0xa97 fp=0xf2088243668 sp=0xf2088243528 pc=0x469bb7
go.opentelemetry.io/otel/sdk/log.(*BatchProcessor).process.func1()
	/project/core/vendor/go.opentelemetry.io/otel/sdk/log/batch.go:170 +0x299 fp=0xf20882437e0 sp=0xf2088243668 pc=0xad8e59
runtime.goexit({})
	/usr/local/go/src/runtime/asm_amd64.s:1264 +0x1 fp=0xf20882437e8 sp=0xf20882437e0 pc=0x498ea1
created by go.opentelemetry.io/otel/sdk/log.(*BatchProcessor).process in goroutine 72
	/project/core/vendor/go.opentelemetry.io/otel/sdk/log/batch.go:132 +0x67

goroutine 228 gp=0xf2088c83860 m=nil [select, 1 minutes]:
runtime.gopark(0xf20887aff28?, 0x3?, 0x6a?, 0x67?, 0xf20887afefa?)
	/usr/local/go/src/runtime/proc.go:474 +0xca fp=0xf20887afd80 sp=0xf20887afd60 pc=0x491b8a
runtime.selectgo(0xf20887aff28, 0xf20887afef4, 0xf20887aff98?, 0x0, 0xf2088c83860?, 0x1)
	/usr/local/go/src/runtime/select.go:351 +0xa97 fp=0xf20887afec0 sp=0xf20887afd80 pc=0x469bb7
245go.opentelemetry.io/otel/sdk/metric.(*PeriodicReader).run(0xf20876f0480, {0x2f6e7f0, 0xf2088ac4f50}, 0xdf8475800)
	/project/core/vendor/go.opentelemetry.io/otel/sdk/metric/periodic_reader.go:199 +0x125 fp=0xf20887aff90 sp=0xf20887afec0 pc=0xb00f85
go.opentelemetry.io/otel/sdk/metric.NewPeriodicReader.func2()
	/project/core/vendor/go.opentelemetry.io/otel/sdk/metric/periodic_reader.go:137 +0x4f fp=0xf20887affe0 sp=0xf20887aff90 pc=0xb08fcf
runtime.goexit({})
	/usr/local/go/src/runtime/asm_amd64.s:1264 +0x1 fp=0xf20887affe8 sp=0xf20887affe0 pc=0x498ea1
created by go.opentelemetry.io/otel/sdk/metric.NewPeriodicReader in goroutine 72
	/project/core/vendor/go.opentelemetry.io/otel/sdk/metric/periodic_reader.go:135 +0x2e5

goroutine 229 gp=0xf2088c83a40 m=nil [select, 1 minutes]:
runtime.gopark(0xf2088243f18?, 0x4?, 0x85?, 0xce?, 0xf2088243ea8?)
	/usr/local/go/src/runtime/proc.go:474 +0xca fp=0xf2088243d28 sp=0xf2088243d08 pc=0x491b8a
runtime.selectgo(0xf2088243f18, 0xf2088243ea0, 0x0?, 0x0, 0x0?, 0x1)
	/usr/local/go/src/runtime/select.go:351 +0xa97 fp=0xf2088243e68 sp=0xf2088243d28 pc=0x469bb7
go.opentelemetry.io/otel/sdk/log.(*BatchProcessor).process.func1()
	/project/core/vendor/go.opentelemetry.io/otel/sdk/log/batch.go:170 +0x299 fp=0xf2088243fe0 sp=0xf2088243e68 pc=0xad8e59
runtime.goexit({})
	/usr/local/go/src/runtime/asm_amd64.s:1264 +0x1 fp=0xf2088243fe8 sp=0xf2088243fe0 pc=0x498ea1
created by go.opentelemetry.io/otel/sdk/log.(*BatchProcessor).process in goroutine 72
	/project/core/vendor/go.opentelemetry.io/otel/sdk/log/batch.go:132 +0x67

goroutine 129 gp=0xf2088c783c0 m=nil [select, 1 minutes]:
runtime.gopark(0xf2088242f28?, 0x3?, 0x6a?, 0x67?, 0xf2088242efa?)
	/usr/local/go/src/runtime/proc.go:474 +0xca fp=0xf2088242d80 sp=0xf2088242d60 pc=0x491b8a
runtime.selectgo(0xf2088242f28, 0xf2088242ef4, 0xea89b01c576eed85?, 0x0, 0xb624792d5342ca90?, 0x1)
	/usr/local/go/src/runtime/select.go:351 +0xa97 fp=0xf2088242ec0 sp=0xf2088242d80 pc=0x469bb7
go.opentelemetry.io/otel/sdk/metric.(*PeriodicReader).run(0xf20876f0240, {0x2f6e7f0, 0xf2088ac4dc0}, 0xdf8475800)
	/project/core/vendor/go.opentelemetry.io/otel/sdk/metric/periodic_reader.go:199 +0x125 fp=0xf2088242f90 sp=0xf2088242ec0 pc=0xb00f85
go.opentelemetry.io/otel/sdk/metric.NewPeriodicReader.func2()
	/project/core/vendor/go.opentelemetry.io/otel/sdk/metric/periodic_reader.go:137 +0x4f fp=0xf2088242fe0 sp=0xf2088242f90 pc=0xb08fcf
runtime.goexit({})
	/usr/local/go/src/runtime/asm_amd64.s:1264 +0x1 fp=0xf2088242fe8 sp=0xf2088242fe0 pc=0x498ea1
created by go.opentelemetry.io/otel/sdk/metric.NewPeriodicReader in goroutine 72
	/project/core/vendor/go.opentelemetry.io/otel/sdk/metric/periodic_reader.go:135 +0x2e5

goroutine 270 gp=0xf2088c79680 m=nil [IO wait]:
runtime.gopark(0x757f31?, 0x0?, 0x27?, 0x0?, 0x27?)
	/usr/local/go/src/runtime/proc.go:474 +0xca fp=0xf2087f16820 sp=0xf2087f16800 pc=0x491b8a
runtime.netpollblock(0xffffffffffffffff?, 0x87f168a0?, 0x20?)
	/usr/local/go/src/runtime/netpoll.go:575 +0xf7 fp=0xf2087f16858 sp=0xf2087f16820 pc=0x450557
internal/poll.runtime_pollWait(0x151348e55000, 0x72)
	/usr/local/go/src/runtime/netpoll.go:351 +0x85 fp=0xf2087f16878 sp=0xf2087f16858 pc=0x490d85
internal/poll.(*pollDesc).wait(0xf20889c8a80?, 0xf20877fea00?, 0x0)
	/usr/local/go/src/internal/poll/fd_poll_runtime.go:84 +0x27 fp=0xf2087f168b0 sp=0xf2087f16878 pc=0x509787
internal/poll.(*pollDesc).waitRead(...)
	/usr/local/go/src/internal/poll/fd_poll_runtime.go:89
internal/poll.(*FD).Read(0xf20889c8a80, {0xf20877fea00, 0x1500, 0x1500})
	/usr/local/go/src/internal/poll/fd_unix.go:170 +0x2a8 fp=0xf2087f16948 sp=0xf2087f168b0 pc=0x50a808
net.(*netFD).Read(0xf20889c8a80, {0xf20877fea00?, 0x3?, 0xf2087f169d8?})
	/usr/local/go/src/net/fd_posix.go:68 +0x25 fp=0xf2087f16990 sp=0xf2087f16948 pc=0x6ee385
net.(*conn).Read(0xf208767c678, {0xf20877fea00?, 0xf2087f16a00?, 0x757e1c?})
	/usr/local/go/src/net/net.go:196 +0x45 fp=0xf2087f169d8 sp=0xf2087f16990 pc=0x6fd765
crypto/tls.(*Conn).readFromUntil(0xf2088c7b808, {0x2f56258, 0xf208767c678}, 0xf2087f16c20?)
	/usr/local/go/src/crypto/tls/conn.go:820 +0xf4 fp=0xf2087f16a48 sp=0xf2087f169d8 pc=0x761b34
crypto/tls.(*Conn).readRecordOrCCS(0xf2088c7b808, 0x0)
	/usr/local/go/src/crypto/tls/conn.go:626 +0x3fb fp=0xf2087f16c30 sp=0xf2087f16a48 pc=0x75eb9b
crypto/tls.(*Conn).readRecord(...)
	/usr/local/go/src/crypto/tls/conn.go:588
crypto/tls.(*Conn).Read(0xf2088c7b808, {0xf208844e000, 0x1000, 0xf2088c7b808?})
	/usr/local/go/src/crypto/tls/conn.go:1392 +0x148 fp=0xf2087f16c98 sp=0xf2087f16c30 pc=0x765348
bufio.(*Reader).Read(0xf2088ca0840, {0xf208828c314, 0x9, 0x807a85?})
	/usr/local/go/src/bufio/bufio.go:245 +0x193 fp=0xf2087f16cd0 sp=0xf2087f16c98 pc=0x5c25b3
io.ReadAtLeast({0x2f51b78, 0xf2088ca0840}, {0xf208828c314, 0x9, 0x9}, 0x9)
	/usr/local/go/src/io/io.go:335 +0x83 fp=0xf2087f16d18 sp=0xf2087f16cd0 pc=0x4fea23
io.ReadFull(...)
	/usr/local/go/src/io/io.go:354
net/http/internal/http2.readFrameHeader({0xf208828c314, 0x9, 0x7fc667?}, {0x2f51b78?, 0xf2088ca0840?})
	/usr/local/go/src/net/http/internal/http2/frame.go:252 +0x65 fp=0xf2087f16d68 sp=0xf2087f16d18 pc=0x7d8185
net/http/internal/http2.(*Framer).ReadFrameHeader(0xf208828c2d0)
	/usr/local/go/src/net/http/internal/http2/frame.go:525 +0x67 fp=0xf2087f16de0 sp=0xf2087f16d68 pc=0x7d87e7
net/http/internal/http2.(*Framer).ReadFrame(0xf208828c2d0)
	/usr/local/go/src/net/http/internal/http2/frame.go:584 +0x18 fp=0xf2087f16e18 sp=0xf2087f16de0 pc=0x7d8f78
net/http/internal/http2.(*clientConnReadLoop).run(0xf2087f16fa8)
	/usr/local/go/src/net/http/internal/http2/transport.go:2047 +0xdb fp=0xf2087f16f60 sp=0xf2087f16e18 pc=0x7f841b
net/http/internal/http2.(*ClientConn).readLoop(0xf208851f180)
	/usr/local/go/src/net/http/internal/http2/transport.go:1913 +0x52 fp=0xf2087f16fc8 sp=0xf2087f16f60 pc=0x7f79d2
net/http/internal/http2.(*Transport).newClientConn.gowrap1()
	/usr/local/go/src/net/http/internal/http2/transport.go:703 +0x17 fp=0xf2087f16fe0 sp=0xf2087f16fc8 pc=0x803b97
runtime.goexit({})
	/usr/local/go/src/runtime/asm_amd64.s:1264 +0x1 fp=0xf2087f16fe8 sp=0xf2087f16fe0 pc=0x498ea1
created by net/http/internal/http2.(*Transport).newClientConn in goroutine 269
	/usr/local/go/src/net/http/internal/http2/transport.go:703 +0xda7

goroutine 258 gp=0xf20883501e0 m=nil [select]:
runtime.gopark(0xf2088245ea0?, 0x3?, 0x50?, 0x9c?, 0xf2088245e42?)
	/usr/local/go/src/runtime/proc.go:474 +0xca fp=0xf2088245cb8 sp=0xf2088245c98 pc=0x491b8a
runtime.selectgo(0xf2088245ea0, 0xf2088245e3c, 0x0?, 0x0, 0x0?, 0x1)
	/usr/local/go/src/runtime/select.go:351 +0xa97 fp=0xf2088245df8 sp=0xf2088245cb8 pc=0x469bb7
 +0x193 fp=github.com/wandb/wandb/core/internal/observability.(*Printer).ReadWait(0xf2088525950, {0x2f6e7f0?, 0xf2088b322d0?})
	/project/core/internal/observability/printer.go:111 +0xd6 fp=0xf2088245ef8 sp=0xf2088245df8 pc=0xbaf756
github.com/wandb/wandb/core/internal/stream.(*Handler).popInternalMessages0x145f36b99cd0( sp=0xf208868a3c00x145f36b99c98? pc=, 0x5c25b30x0
?, 0xf20886975c0)
	/project/core/internal/stream/handler.go:817 +0x45 fp=0xf2088245fb8 sp=0xf2088245ef8 pc=0x16fbf45
github.com/wandb/wandb/core/internal/stream.(*Handler).handleRequestInternalMessages.gowrap1()
	/project/core/internal/stream/handler.go:806 +0x1f fp=io.ReadAtLeast0xf2088245fe0( sp=0xf2088245fb8{ pc=0x2f51b780x170a67f, 
0x145f37653c80}, {0x145f36a078a4runtime.goexit, (0x9, {0x9}})
	, 0x9/usr/local/go/src/runtime/asm_amd64.s:)
1264	 +/usr/local/go/src/io/io.go0x1: fp=3350xf2088245fe8 + sp=0xf2088245fe00x83 pc= fp=0x498ea10x145f36b99d18
 sp=created by 0x145f36b99cd0github.com/wandb/wandb/core/internal/stream.(*Handler).handleRequestInternalMessages pc=0x4fea23 in goroutine 
49
	/project/core/internal/stream/handler.go:806 +0x99

goroutine 242 gp=0xf20883503c0 m=nil [IO wait, 1 minutes]:
runtime.gopark(0x757f31?, 0x0?, 0x27?, 0x0?, 0x27?)
	/usr/local/go/src/runtime/proc.go:io.ReadFull474 +(0xca... fp=0xf2088406820)
 sp=	0xf2088406800/usr/local/go/src/io/io.go pc=:0x491b8a354

runtime.netpollblock(0xffffffffffffffff?, net/http/internal/http2.readFrameHeader(0x884068a0{?, 0x145f36a078a40x20, ?0x9, )
0x7fc667	?/usr/local/go/src/runtime/netpoll.go}:, 575{ +0xf70x2f51b78 fp=?0xf2088406858,  sp=0x145f37653c800xf2088406820 pc=?0x450557}
)
	/usr/local/go/src/net/http/internal/http2/frame.gointernal/poll.runtime_pollWait:(252 +0x151348e552000x65,  fp=0x720x145f36b99d68 sp=)
0x145f36b99d18	 pc=/usr/local/go/src/runtime/netpoll.go0x7d8185:
351 +0x85 fp=0xf2088406878 sp=net/http/internal/http2.(*Framer).ReadFrameHeader0xf2088406858 pc=(0x490d850x145f36a07860
)
	/usr/local/go/src/net/http/internal/http2/frame.go:internal/poll.(*pollDesc).wait525( +0xf20881ece800x67? fp=, 0x145f36b99de00xf20879f6a00 sp=?0x145f36b99d68,  pc=0x7d87e70x0
)
net/http/internal/http2.(*Framer).ReadFrame	/usr/local/go/src/internal/poll/fd_poll_runtime.go(:84 +0x27 fp=0xf20884068b0 sp=0xf2088406878 pc=0x5097870x145f36a07860
)
	/usr/local/go/src/net/http/internal/http2/frame.go:internal/poll.(*pollDesc).waitRead584( +0x18... fp=)
0x145f36b99e18	 sp=/usr/local/go/src/internal/poll/fd_poll_runtime.go0x145f36b99de0: pc=890x7d8f78

internal/poll.(*FD).Read(0xf20881ece80, {0xf20879f6a00, 0x1500, 0x1500})
	/usr/local/go/src/internal/poll/fd_unix.go:170 +0x2a8 fp=0xf2088406948 sp=0xf20884068b0 pc=0x50a808
net/http/internal/http2.(*clientConnReadLoop).run(0x145f36b99fa8)
	/usr/local/go/src/net/http/internal/http2/transport.go:2047 +0xdbnet.(*netFD).Read fp=(0x145f36b99f60 sp=0xf20881ece80, 0x145f36b99e18{ pc=0xf20879f6a000x7f841b?
, 0x3?net/http/internal/http2.(*ClientConn).readLoop, (0xf20884069d8?})
	/usr/local/go/src/net/fd_posix.go:68 +0x250x145f36a9f6c0 fp=)
0xf2088406990	 sp=0xf2088406948 pc=/usr/local/go/src/net/http/internal/http2/transport.go0x6ee385:
1913 +net.(*conn).Read0x52( fp=0xf208767c670, 0x145f36b99fc8{0xf20879f6a00? sp=, 0x145f36b99f600xf2088406a00 pc=?, 0x7f79d20x757e1c
?})
	/usr/local/go/src/net/net.go:196 +0x45 fp=0xf20884069d8 sp=0xf2088406990 pc=0x6fd765
crypto/tls.(*Conn).readFromUntil(0xf20881b4c08, {0x2f56258net/http/internal/http2.(*Transport).newClientConn.gowrap1, (0xf208767c670)
}	, /usr/local/go/src/net/http/internal/http2/transport.go0xf2088406c20:?703)
 +	0x17/usr/local/go/src/crypto/tls/conn.go:820 fp= +0x145f36b99fe00xf4 sp= fp=0x145f36b99fc80xf2088406a48 pc= sp=0x803b970xf20884069d8
 pc=0x761b34
crypto/tls.(*Conn).readRecordOrCCS(0xf20881b4c08, runtime.goexit0x0()
	/usr/local/go/src/crypto/tls/conn.go:626 +{0x3fb} fp=)
0xf2088406c30	 sp=0xf2088406a48/usr/local/go/src/runtime/asm_amd64.s pc=:0x75eb9b1264
 +crypto/tls.(*Conn).readRecord(0x1... fp=)
0x145f36b99fe8	 sp=/usr/local/go/src/crypto/tls/conn.go0x145f36b99fe0:588 pc=
0x498ea1
crypto/tls.(*Conn).Read(0xf20881b4c08, {0xf2088463000, 0x1000, 0xf20881b4c08created by ?})
	/usr/local/go/src/crypto/tls/conn.go:net/http/internal/http2.(*Transport).newClientConn1392 + in goroutine 0x148 fp=1140xf2088406c98 sp=
0xf2088406c30 pc=0x765348
bufio.(*Reader).Read(0xf2088c05080, 	{/usr/local/go/src/net/http/internal/http2/transport.go0xf208786de44:, 0x9703,  +0x807a850xda7?
})
	/usr/local/go/src/bufio/bufio.go:245 +0x193 fp=
0xf2088406cd0 sp=goroutine 0xf2088406c98146 pc= gp=0x5c25b30x145f36c9eb40
 m=nilio.ReadAtLeast [(select{]0x2f51b78:
, 0xf2088c05080}, {0xf208786de44, 0x9, runtime.gopark0x9(}, 0x90x145f37e05f18)
?	, /usr/local/go/src/io/io.go:0x4335? +, 0x830x78 fp=?0xf2088406d18,  sp=0xf2088406cd00x5d pc=?0x4fea23, 
0x145f37e05ea8io.ReadFull(?...)
)
		/usr/local/go/src/runtime/proc.go/usr/local/go/src/io/io.go::474354 +
0xca fp=net/http/internal/http2.readFrameHeader0x145f37e05d28( sp={0x145f37e05d080xf208786de44 pc=, 0x491b8a0x9
, 0x7fc667?}, {0x2f51b78?, 0xf2088c05080?})
	/usr/local/go/src/net/http/internal/http2/frame.goruntime.selectgo:(2520x145f37e05f18 +, 0x650x145f37e05ea0 fp=, 0xf2088406d680x200 sp=?0xf2088406d18,  pc=0x00x7d8185, 
0x0?net/http/internal/http2.(*Framer).ReadFrameHeader, (0x10xf208786de00)
)
		/usr/local/go/src/runtime/select.go/usr/local/go/src/net/http/internal/http2/frame.go::351 +5250xa97 + fp=0x670x145f37e05e68 fp= sp=0xf2088406de00x145f37e05d28 sp= pc=0xf2088406d680x469bb7 pc=
0x7d87e7
net/http/internal/http2.(*Framer).ReadFrame(0xf208786de00)
go.opentelemetry.io/otel/sdk/log.(*BatchProcessor).process.func1	(/usr/local/go/src/net/http/internal/http2/frame.go)
:	584/project/core/vendor/go.opentelemetry.io/otel/sdk/log/batch.go +:0x18170 fp= +0xf2088406e180x299 sp= fp=0xf2088406de00x145f37e05fe0 pc= sp=0x7d8f780x145f37e05e68
 pc=0xad8e59net/http/internal/http2.(*clientConnReadLoop).run
(runtime.goexit0xf2088406fa8()
{	}/usr/local/go/src/net/http/internal/http2/transport.go)
:	2047/usr/local/go/src/runtime/asm_amd64.s +:0xdb1264 fp= +0xf2088406f600x1 sp= fp=0xf2088406e180x145f37e05fe8 pc= sp=0x7f841b0x145f37e05fe0
 pc=net/http/internal/http2.(*ClientConn).readLoop0x498ea1(
0xf208851efc0)
created by 	go.opentelemetry.io/otel/sdk/log.(*BatchProcessor).process/usr/local/go/src/net/http/internal/http2/transport.go: in goroutine 191385 +
0x52 fp=0xf2088406fc8	 sp=/project/core/vendor/go.opentelemetry.io/otel/sdk/log/batch.go0xf2088406f60: pc=1320x7f79d2 +
0x67
net/http/internal/http2.(*Transport).newClientConn.gowrap1()
	/usr/local/go/src/net/http/internal/http2/transport.go:703 +0x17 fp=0xf2088406fe0 sp=0xf2088406fc8 pc=0x803b97
runtime.goexit({})
	/usr/local/go/src/runtime/asm_amd64.s:1264 +0x1 fp=
0xf2088406fe8goroutine  sp=780xf2088406fe0 gp= pc=0x145f37b240000x498ea1 m=nil
 [select]created by :
net/http/internal/http2.(*Transport).newClientConn in goroutine runtime.gopark209(
0x145f36848f50?, 0x2?, 0x6a	?/usr/local/go/src/net/http/internal/http2/transport.go, :0x67703? +, 0xda70x145f36848f0c
?
)
goroutine 	267/usr/local/go/src/runtime/proc.go gp=:0xf20884341e0474 m=nil + [0xcaIO wait fp=]0x145f36848d98:
 sp=0x145f36848d78 pc=0x491b8aruntime.gopark
(0x757f31?, 0x0?, 0x27?runtime.selectgo, (0x00x145f36848f50?, , 0x145f36848f080x27, ?0x30bd5c0)
?	, /usr/local/go/src/runtime/proc.go0x0:, 4740x0 +?0xca,  fp=0xf20884138200x1 sp=)
0xf2088413800	 pc=/usr/local/go/src/runtime/select.go0x491b8a:
351 +0xa97runtime.netpollblock fp=(0x145f36848ed80xffffffffffffffff sp=?0x145f36848d98,  pc=0x884138a00x469bb7?
, 0x20?)
	/usr/local/go/src/runtime/netpoll.go:575 +0xf7 fp=0xf2088413858 sp=0xf2088413820 pc=0x450557
internal/poll.runtime_pollWait(0x15134aa23200, 0x72)
	/usr/local/go/src/runtime/netpoll.gogithub.com/wandb/wandb/core/internal/observability.NewPrinter.func1:(351)
 +	0x85/project/core/internal/observability/printer.go fp=:0xf208841387864 sp= +0xf20884138580x7c pc= fp=0x490d850x145f36848fe0
 sp=0x145f36848ed8internal/poll.(*pollDesc).wait pc=(0xbb073c0xf20889c8a00
?, runtime.goexit0xf208817b000(?{, }0x0)
)
		/usr/local/go/src/runtime/asm_amd64.s/usr/local/go/src/internal/poll/fd_poll_runtime.go::126484 + +0x10x27 fp= fp=0x145f36848fe80xf20884138b0 sp= sp=0x145f36848fe00xf2088413878 pc= pc=0x498ea10x509787

created by github.com/wandb/wandb/core/internal/observability.NewPrinterinternal/poll.(*pollDesc).waitRead in goroutine (85...
)
		/project/core/internal/observability/printer.go/usr/local/go/src/internal/poll/fd_poll_runtime.go::6289 +
0x105
internal/poll.(*FD).Read(0xf20889c8a00, {0xf208817b000, 0x1800, 0x1800})
	/usr/local/go/src/internal/poll/fd_unix.go:170 +0x2a8 fp=0xf2088413948 sp=0xf20884138b0 pc=0x50a808
net.(*netFD).Read(0xf20889c8a00, {0xf208817b000?, 0x3?, 0xf20884139d8?})
	/usr/local/go/src/net/fd_posix.go:68 +0x25 fp=0xf2088413990 sp=0xf2088413948 pc=0x6ee385
net.(*conn).Read(0xf208767c658, {0xf208817b000?, 0xf2088413a00?, 0x757e1c?})
	/usr/local/go/src/net/net.go:196 +0x45 fp=0xf20884139d8 sp=0xf2088413990 pc=0x6fd765
crypto/tls.(*Conn).readFromUntil(0xf2088c7b408, {0x2f56258, 0xf208767c658}, 0xf2088413c20?)
	/usr/local/go/src/crypto/tls/conn.go:820 +0xf4 fp=0xf2088413a48 sp=0xf20884139d8 pc=0x761b34
crypto/tls.(*Conn).readRecordOrCCS(0xf2088c7b408, 0x0)
	/usr/local/go/src/crypto/tls/conn.go:626 +0x3fb fp=0xf2088413c30 sp=0xf2088413a48 pc=0x75eb9b
crypto/tls.(*Conn).readRecord(...)
	/usr/local/go/src/crypto/tls/conn.go:588
crypto/tls.(*Conn).Read(0xf2088c7b408, {0xf20889a1000, 0x1000, 0xf2088c7b408?})
	/usr/local/go/src/crypto/tls/conn.go:1392 +0x148 fp=0xf2088413c98 sp=0xf2088413c30 pc=0x765348
bufio.(*Reader).Read(0xf2088bdd0e0, {0xf208828c224, 0x9, 0x807a85?})
	/usr/local/go/src/bufio/bufio.go:245 +0x193 fp=0xf2088413cd0 sp=0xf2088413c98 pc=0x5c25b3
io.ReadAtLeast({0x2f51b78, 0xf2088bdd0e0}, {0xf208828c224, 0x9, 0x9}, 0x9)
	/usr/local/go/src/io/io.go:335 +0x83 fp=0xf2088413d18 sp=0xf2088413cd0 pc=0x4fea23
io.ReadFull(...)
	/usr/local/go/src/io/io.go:354
net/http/internal/http2.readFrameHeader({0xf208828c224, 0x9, 0x7fc667?}, {0x2f51b78?, 0xf2088bdd0e0?})
	/usr/local/go/src/net/http/internal/http2/frame.go:252 +0x65 fp=0xf2088413d68 sp=0xf2088413d18 pc=0x7d8185
net/http/internal/http2.(*Framer).ReadFrameHeader(0xf208828c1e0)
	/usr/local/go/src/net/http/internal/http2/frame.go:525 +0x67 fp=0xf2088413de0 sp=0xf2088413d68 pc=0x7d87e7
net/http/internal/http2.(*Framer).ReadFrame(0xf208828c1e0)
	/usr/local/go/src/net/http/internal/http2/frame.go:584 +0x18 fp=0xf2088413e18 sp=0xf2088413de0 pc=0x7d8f78
net/http/internal/http2.(*clientConnReadLoop).run(0xf2088413fa8)
	/usr/local/go/src/net/http/internal/http2/transport.go:2047 +0xdb fp=0xf2088413f60 sp=0xf2088413e18 pc=0x7f841b
net/http/internal/http2.(*ClientConn).readLoop(0xf208851e380)
	/usr/local/go/src/net/http/internal/http2/transport.go:1913 +0x52 fp=0xf2088413fc8 sp=0xf2088413f60 pc=0x7f79d2
net/http/internal/http2.(*Transport).newClientConn.gowrap1()
	/usr/local/go/src/net/http/internal/http2/transport.go:703 +0x17 fp=0xf2088413fe0 sp=0xf2088413fc8 pc=0x803b97
runtime.goexit({})
	/usr/local/go/src/runtime/asm_amd64.s:1264 +0x1 fp=0xf2088413fe8 sp=0xf2088413fe0 pc=0x498ea1
created by net/http/internal/http2.(*Transport).newClientConn in goroutine 266
	/usr/local/go/src/net/http/internal/http2/transport.go:703 +0xda7

rax    0x0
rbx    0x0
rcx    0x0
rdx    0x0
rdi    0xc9e44
rsi    0x0
rbp    0x15134a798c88
rsp    0x15134a798ac8
r8     0x0
r9     0x0
r10    0x1
r11    0x246
r12    0x15134a7984b8
r13    0x17
r14    0xf2087a54f00
r15    0x0
rip    0x45d63c
rflags 0x10206
cs     0x33
fs     0x0
gs     0x0

goroutine 47 gp=0x145f374085a0 m=nil [chan receive]:
runtime.gopark(0x145f3689f5c8?, 0x48637e?, 0xd2?, 0x73?, 0x145f3689f610?)
	/usr/local/go/src/runtime/proc.go:474 +0xca fp=0x145f3689f5b0 sp=0x145f3689f590 pc=0x491b8a
runtime.chanrecv(0x145f36a8fc70, 0x145f3689f6d8, 0x1)
	/usr/local/go/src/runtime/chan.go:667 +0x4ae fp=0x145f3689f628 sp=0x145f3689f5b0 pc=0x41d38e
runtime.chanrecv1(0x0?, 0x145f36d92930?)
	/usr/local/go/src/runtime/chan.go:509 +0x12 fp=0x145f3689f650 sp=0x145f3689f628 pc=0x41ceb2
github.com/wandb/wandb/core/internal/stream.(*FlowControlBuffer).get(0x145f37b22f50, 0x0)
	/project/core/internal/stream/flowcontrolbuffer.go:250 +0x125 fp=0x145f3689f708 sp=0x145f3689f650 pc=0x16f7805
github.com/wandb/wandb/core/internal/stream.(*FlowControlBuffer).Get(...)
	/project/core/internal/stream/flowcontrolbuffer.go:225
github.com/wandb/wandb/core/internal/stream.(*FlowControl).loopFlushBuffer(0x145f36ab3640)
	/project/core/internal/stream/flowcontrol.go:83 +0x9d fp=0x145f3689f788 sp=0x145f3689f708 pc=0x16f6add
github.com/wandb/wandb/core/internal/stream.(*FlowControl).Do(0x145f36ab3640, 0x145f369157a0)
	/project/core/internal/stream/flowcontrol.go:69 +0x7b fp=0x145f3689f7b8 sp=0x145f3689f788 pc=0x16f69fb
github.com/wandb/wandb/core/internal/stream.(*Stream).maybeSavingToTransactionLog.func2()
	/project/core/internal/stream/stream.go:234 +0x28 fp=0x145f3689f7e0 sp=0x145f3689f7b8 pc=0x170b768
runtime.goexit({})
	/usr/local/go/src/runtime/asm_amd64.s:1264 +0x1 fp=0x145f3689f7e8 sp=0x145f3689f7e0 pc=0x498ea1
created by github.com/wandb/wandb/core/internal/stream.(*Stream).maybeSavingToTransactionLog in goroutine 85
	/project/core/internal/stream/stream.go:233 +0x5ff

goroutine 48 gp=0x145f37408780 m=nil [chan receive]:
runtime.gopark(0x145f36a86700?, 0x15105d692d28?, 0x3f?, 0x0?, 0x1510a630c418?)
	/usr/local/go/src/runtime/proc.go:474 +0xca fp=0x145f37c03e20 sp=0x145f37c03e00 pc=0x491b8a
runtime.chanrecv(0x145f36915810, 0x145f37c03f60, 0x1)
	/usr/local/go/src/runtime/chan.go:667 +0x4ae fp=0x145f37c03e98 sp=0x145f37c03e20 pc=0x41d38e
runtime.chanrecv2(0x10?, 0x2d875b0?)
	/usr/local/go/src/runtime/chan.go:514 +0x12 fp=0x145f37c03ec0 sp=0x145f37c03e98 pc=0x41ced2
github.com/wandb/wandb/core/internal/stream.(*Sender).Do(0x145f36a07950, 0x145f36915810)
	/project/core/internal/stream/sender.go:238 +0x17c fp=0x145f37c03fb8 sp=0x145f37c03ec0 pc=0x16ff23c
github.com/wandb/wandb/core/internal/stream.(*Stream).Start.func2()
	/project/core/internal/stream/stream.go:174 +0x27 fp=0x145f37c03fe0 sp=0x145f37c03fb8 pc=0x170b6a7
runtime.goexit({})
	/usr/local/go/src/runtime/asm_amd64.s:1264 +0x1 fp=0x145f37c03fe8 sp=0x145f37c03fe0 pc=0x498ea1
created by github.com/wandb/wandb/core/internal/stream.(*Stream).Start in goroutine 85
	/project/core/internal/stream/stream.go:173 +0xf4

goroutine 5 gp=0x145f37b241e0 m=nil [chan receive]:
runtime.gopark(0x495eb0?, 0x145f36cd7c10?, 0xe4?, 0x1e?, 0x0?)
	/usr/local/go/src/runtime/proc.go:474 +0xca fp=0x145f37001e10 sp=0x145f37001df0 pc=0x491b8a
runtime.chanrecv(0x145f36a86150, 0x145f37001f50, 0x1)
	/usr/local/go/src/runtime/chan.go:667 +0x4ae fp=0x145f37001e88 sp=0x145f37001e10 pc=0x41d38e
runtime.chanrecv2(0x145f37001f30?, 0x145f37001ee0?)
	/usr/local/go/src/runtime/chan.go:514 +0x12 fp=0x145f37001eb0 sp=0x145f37001e88 pc=0x41ced2
github.com/wandb/wandb/core/internal/stream.(*Sender).warnOnLongOperations(0x145f36a07950, 0x145f36a86150, 0x145f37488000)
	/project/core/internal/stream/sender.go:264 +0x65 fp=0x145f37001fb8 sp=0x145f37001eb0 pc=0x16ff545
github.com/wandb/wandb/core/internal/stream.(*Sender).Do.gowrap2()
	/project/core/internal/stream/sender.go:236 +0x1f fp=0x145f37001fe0 sp=0x145f37001fb8 pc=0x170abff
runtime.goexit({})
	/usr/local/go/src/runtime/asm_amd64.s:1264 +0x1 fp=0x145f37001fe8 sp=0x145f37001fe0 pc=0x498ea1
created by github.com/wandb/wandb/core/internal/stream.(*Sender).Do in goroutine 48
	/project/core/internal/stream/sender.go:236 +0x13f

goroutine 13 gp=0x145f37b24f00 m=nil [IO wait]:
runtime.gopark(0x757f31?, 0x0?, 0x27?, 0x0?, 0x27?)
	/usr/local/go/src/runtime/proc.go:474 +0xca fp=0x145f36c35820 sp=0x145f36c35800 pc=0x491b8a
runtime.netpollblock(0xffffffffffffffff?, 0x36c358a0?, 0x5f?)
	/usr/local/go/src/runtime/netpoll.go:575 +0xf7 fp=0x145f36c35858 sp=0x145f36c35820 pc=0x450557
internal/poll.runtime_pollWait(0x1510a6031800, 0x72)
	/usr/local/go/src/runtime/netpoll.go:351 +0x85 fp=0x145f36c35878 sp=0x145f36c35858 pc=0x490d85
internal/poll.(*pollDesc).wait(0x145f37a14080?, 0x145f36ae8a00?, 0x0)
	/usr/local/go/src/internal/poll/fd_poll_runtime.go:84 +0x27 fp=0x145f36c358b0 sp=0x145f36c35878 pc=0x509787
internal/poll.(*pollDesc).waitRead(...)
	/usr/local/go/src/internal/poll/fd_poll_runtime.go:89
internal/poll.(*FD).Read(0x145f37a14080, {0x145f36ae8a00, 0x1500, 0x1500})
	/usr/local/go/src/internal/poll/fd_unix.go:170 +0x2a8 fp=0x145f36c35948 sp=0x145f36c358b0 pc=0x50a808
net.(*netFD).Read(0x145f37a14080, {0x145f36ae8a00?, 0x15105d451c90?, 0x145f36c359d8?})
	/usr/local/go/src/net/fd_posix.go:68 +0x25 fp=0x145f36c35990 sp=0x145f36c35948 pc=0x6ee385
net.(*conn).Read(0x145f36d02028, {0x145f36ae8a00?, 0x145f36c35a00?, 0x145f36c35a48?})
	/usr/local/go/src/net/net.go:196 +0x45 fp=0x145f36c359d8 sp=0x145f36c35990 pc=0x6fd765
crypto/tls.(*Conn).readFromUntil(0x145f37a1c008, {0x2f56258, 0x145f36d02028}, 0x145f36c35c20?)
	/usr/local/go/src/crypto/tls/conn.go:820 +0xf4 fp=0x145f36c35a48 sp=0x145f36c359d8 pc=0x761b34
crypto/tls.(*Conn).readRecordOrCCS(0x145f37a1c008, 0x0)
	/usr/local/go/src/crypto/tls/conn.go:626 +0x3fb fp=0x145f36c35c30 sp=0x145f36c35a48 pc=0x75eb9b
crypto/tls.(*Conn).readRecord(...)
	/usr/local/go/src/crypto/tls/conn.go:588
crypto/tls.(*Conn).Read(0x145f37a1c008, {0x145f3760e000, 0x1000, 0x145f37a1c008?})
	/usr/local/go/src/crypto/tls/conn.go:1392 +0x148 fp=0x145f36c35c98 sp=0x145f36c35c30 pc=0x765348
bufio.(*Reader).Read(0x145f374b3aa0, {0x145f37610044, 0x9, 0x807a85?})
	/usr/local/go/src/bufio/bufio.go:245 +0x193 fp=0x145f36c35cd0 sp=0x145f36c35c98 pc=0x5c25b3
io.ReadAtLeast({0x2f51b78, 0x145f374b3aa0}, {0x145f37610044, 0x9, 0x9}, 0x9)
	/usr/local/go/src/io/io.go:335 +0x83 fp=0x145f36c35d18 sp=0x145f36c35cd0 pc=0x4fea23
io.ReadFull(...)
	/usr/local/go/src/io/io.go:354
net/http/internal/http2.readFrameHeader({0x145f37610044, 0x9, 0x7fc667?}, {0x2f51b78?, 0x145f374b3aa0?})
	/usr/local/go/src/net/http/internal/http2/frame.go:252 +0x65 fp=0x145f36c35d68 sp=0x145f36c35d18 pc=0x7d8185
net/http/internal/http2.(*Framer).ReadFrameHeader(0x145f37610000)
	/usr/local/go/src/net/http/internal/http2/frame.go:525 +0x67 fp=0x145f36c35de0 sp=0x145f36c35d68 pc=0x7d87e7
net/http/internal/http2.(*Framer).ReadFrame(0x145f37610000)
	/usr/local/go/src/net/http/internal/http2/frame.go:584 +0x18 fp=0x145f36c35e18 sp=0x145f36c35de0 pc=0x7d8f78
net/http/internal/http2.(*clientConnReadLoop).run(0x145f36c35fa8)
	/usr/local/go/src/net/http/internal/http2/transport.go:2047 +0xdb fp=0x145f36c35f60 sp=0x145f36c35e18 pc=0x7f841b
net/http/internal/http2.(*ClientConn).readLoop(0x145f378481c0)
	/usr/local/go/src/net/http/internal/http2/transport.go:1913 +0x52 fp=0x145f36c35fc8 sp=0x145f36c35f60 pc=0x7f79d2
net/http/internal/http2.(*Transport).newClientConn.gowrap1()
	/usr/local/go/src/net/http/internal/http2/transport.go:703 +0x17 fp=0x145f36c35fe0 sp=0x145f36c35fc8 pc=0x803b97
runtime.goexit({})
	/usr/local/go/src/runtime/asm_amd64.s:1264 +0x1 fp=0x145f36c35fe8 sp=0x145f36c35fe0 pc=0x498ea1
created by net/http/internal/http2.(*Transport).newClientConn in goroutine 12
	/usr/local/go/src/net/http/internal/http2/transport.go:703 +0xda7

goroutine 307 gp=0x145f37b250e0 m=nil [chan receive, 1 minutes]:
runtime.gopark(0x4e46497559474975?, 0x686d636c68325970?, 0x6c?, 0x61?, 0x42535a745647647a?)
	/usr/local/go/src/runtime/proc.go:474 +0xca fp=0x145f376806b0 sp=0x145f37680690 pc=0x491b8a
runtime.chanrecv(0x145f369e6310, 0x0, 0x1)
	/usr/local/go/src/runtime/chan.go:667 +0x4ae fp=0x145f37680728 sp=0x145f376806b0 pc=0x41d38e
runtime.chanrecv1(0x6744415142424551?, 0x4143434441504567?)
	/usr/local/go/src/runtime/chan.go:509 +0x12 fp=0x145f37680750 sp=0x145f37680728 pc=0x41ceb2
github.com/wandb/wandb/core/pkg/server.(*Connection).handleApiInit.func1()
	/project/core/pkg/server/connection.go:698 +0x45 fp=0x145f376807e0 sp=0x145f37680750 pc=0x1804765
runtime.goexit({})
	/usr/local/go/src/runtime/asm_amd64.s:1264 +0x1 fp=0x145f376807e8 sp=0x145f376807e0 pc=0x498ea1
created by github.com/wandb/wandb/core/pkg/server.(*Connection).handleApiInit in goroutine 85
	/project/core/pkg/server/connection.go:697 +0x12b

goroutine 31 gp=0x145f36c25680 m=nil [select, 1 minutes]:
runtime.gopark(0x145f374dbf78?, 0x2?, 0xeb?, 0x12?, 0x145f374dbf74?)
	/usr/local/go/src/runtime/proc.go:474 +0xca fp=0x145f37dcce00 sp=0x145f37dccde0 pc=0x491b8a
runtime.selectgo(0x145f37dccf78, 0x145f374dbf70, 0x10?, 0x0, 0x145f375a5fd0?, 0x1)
	/usr/local/go/src/runtime/select.go:351 +0xa97 fp=0x145f37dccf40 sp=0x145f37dcce00 pc=0x469bb7
github.com/wandb/wandb/core/internal/runupserter.(*RunUpserter).syncPeriodically(0x145f37a5c000)
	/project/core/internal/runupserter/runupserter.go:530 +0x65 fp=0x145f37dccfa8 sp=0x145f37dccf40 pc=0x149ede5
github.com/wandb/wandb/core/internal/runupserter.InitRun.func2()
	/project/core/internal/runupserter/runupserter.go:268 +0x49 fp=0x145f37dccfe0 sp=0x145f37dccfa8 pc=0x14a0049
runtime.goexit({})
	/usr/local/go/src/runtime/asm_amd64.s:1264 +0x1 fp=0x145f37dccfe8 sp=0x145f37dccfe0 pc=0x498ea1
created by github.com/wandb/wandb/core/internal/runupserter.InitRun in goroutine 48
	/project/core/internal/runupserter/runupserter.go:266 +0xcd1

goroutine 33 gp=0x145f36c25a40 m=nil [select]:
runtime.gopark(0x145f37686740?, 0x3?, 0x6a?, 0x67?, 0x145f37686732?)
	/usr/local/go/src/runtime/proc.go:474 +0xca fp=0x145f376865b8 sp=0x145f37686598 pc=0x491b8a
runtime.selectgo(0x145f37686740, 0x145f3768672c, 0x55475a674d585a75?, 0x0, 0x47497a4657370a30?, 0x1)
	/usr/local/go/src/runtime/select.go:351 +0xa97 fp=0x145f376866f8 sp=0x145f376865b8 pc=0x469bb7
github.com/wandb/wandb/core/internal/monitor.(*SystemMonitor).loop(0x145f37b2a000)
	/project/core/internal/monitor/monitor.go:445 +0xce fp=0x145f37686798 sp=0x145f376866f8 pc=0x165e24e
github.com/wandb/wandb/core/internal/monitor.(*SystemMonitor).Start.func1()
	/project/core/internal/monitor/monitor.go:379 +0x17 fp=0x145f376867b0 sp=0x145f37686798 pc=0x1667897
sync.(*WaitGroup).Go.func1()
	/usr/local/go/src/sync/waitgroup.go:258 +0x4a fp=0x145f376867e0 sp=0x145f376867b0 pc=0x4a402a
runtime.goexit({})
	/usr/local/go/src/runtime/asm_amd64.s:1264 +0x1 fp=0x145f376867e8 sp=0x145f376867e0 pc=0x498ea1
created by sync.(*WaitGroup).Go in goroutine 45
	/usr/local/go/src/sync/waitgroup.go:238 +0x7d

goroutine 163 gp=0x145f36c25c20 m=nil [chan receive]:
runtime.gopark(0x145f36a86d20?, 0x145f36c2ee90?, 0x57?, 0xc0?, 0x145f37a125b0?)
	/usr/local/go/src/runtime/proc.go:474 +0xca fp=0x145f36c2ee58 sp=0x145f36c2ee38 pc=0x491b8a
runtime.chanrecv(0x145f36a8fc00, 0x145f36c2ef98, 0x1)
	/usr/local/go/src/runtime/chan.go:667 +0x4ae fp=0x145f36c2eed0 sp=0x145f36c2ee58 pc=0x41d38e
runtime.chanrecv2(0x145f37722200?, 0x145f39247750?)
	/usr/local/go/src/runtime/chan.go:514 +0x12 fp=0x145f36c2eef8 sp=0x145f36c2eed0 pc=0x41ced2
github.com/wandb/wandb/core/internal/filestream.(*fileStream).startProcessingUpdates.func1()
	/project/core/internal/filestream/filestreamimpl.go:32 +0x126 fp=0x145f36c2efe0 sp=0x145f36c2eef8 pc=0x145db66
runtime.goexit({})
	/usr/local/go/src/runtime/asm_amd64.s:1264 +0x1 fp=0x145f36c2efe8 sp=0x145f36c2efe0 pc=0x498ea1
created by github.com/wandb/wandb/core/internal/filestream.(*fileStream).startProcessingUpdates in goroutine 48
	/project/core/internal/filestream/filestreamimpl.go:27 +0x99

goroutine 164 gp=0x145f37688000 m=nil [chan receive]:
runtime.gopark(0x1457201?, 0x145f36c34eb8?, 0x90?, 0x4e?, 0x62576e7044336777?)
	/usr/local/go/src/runtime/proc.go:474 +0xca fp=0x145f36c34e50 sp=0x145f36c34e30 pc=0x491b8a
runtime.chanrecv(0x145f37a125b0, 0x145f36c34f68, 0x1)
	/usr/local/go/src/runtime/chan.go:667 +0x4ae fp=0x145f36c34ec8 sp=0x145f36c34e50 pc=0x41d38e
runtime.chanrecv2(0x145f37aae040?, 0x145f37b023f0?)
	/usr/local/go/src/runtime/chan.go:514 +0x12 fp=0x145f36c34ef0 sp=0x145f36c34ec8 pc=0x41ced2
github.com/wandb/wandb/core/internal/filestream.CollectLoop.Start.func1()
	/project/core/internal/filestream/collectloop.go:41 +0x105 fp=0x145f36c34fe0 sp=0x145f36c34ef0 pc=0x145d8c5
runtime.goexit({})
	/usr/local/go/src/runtime/asm_amd64.s:1264 +0x1 fp=0x145f36c34fe8 sp=0x145f36c34fe0 pc=0x498ea1
created by github.com/wandb/wandb/core/internal/filestream.CollectLoop.Start in goroutine 48
	/project/core/internal/filestream/collectloop.go:37 +0x185

goroutine 165 gp=0x145f376881e0 m=nil [select]:
runtime.gopark(0x145f371fbf80?, 0x2?, 0x68?, 0x87?, 0x145f371fbf3c?)
	/usr/local/go/src/runtime/proc.go:474 +0xca fp=0x145f371fbdc0 sp=0x145f371fbda0 pc=0x491b8a
runtime.selectgo(0x145f371fbf80, 0x145f371fbf38, 0x42797471534a7050?, 0x0, 0x31724162542b3572?, 0x1)
	/usr/local/go/src/runtime/select.go:351 +0xa97 fp=0x145f371fbf00 sp=0x145f371fbdc0 pc=0x469bb7
github.com/wandb/wandb/core/internal/filestream.(*TransmitChan).NextRequest(...)
	/project/core/internal/filestream/transmitchan.go:62
github.com/wandb/wandb/core/internal/filestream.TransmitLoop.Start.func1()
	/project/core/internal/filestream/transmitloop.go:29 +0x165 fp=0x145f371fbfe0 sp=0x145f371fbf00 pc=0x145e4a5
runtime.goexit({})
	/usr/local/go/src/runtime/asm_amd64.s:1264 +0x1 fp=0x145f371fbfe8 sp=0x145f371fbfe0 pc=0x498ea1
created by github.com/wandb/wandb/core/internal/filestream.TransmitLoop.Start in goroutine 48
	/project/core/internal/filestream/transmitloop.go:20 +0xc8

goroutine 166 gp=0x145f376883c0 m=nil [chan receive]:
runtime.gopark(0x145f36a869a0?, 0x6d4c7a4243647a39?, 0xc0?, 0xd8?, 0x67426b416a4a7834?)
	/usr/local/go/src/runtime/proc.go:474 +0xca fp=0x145f375a46d8 sp=0x145f375a46b8 pc=0x491b8a
runtime.chanrecv(0x145f37a12620, 0x145f375a47b0, 0x1)
	/usr/local/go/src/runtime/chan.go:667 +0x4ae fp=0x145f375a4750 sp=0x145f375a46d8 pc=0x41d38e
runtime.chanrecv2(0x7a39476370526e63?, 0x456d4c7a4243640a?)
	/usr/local/go/src/runtime/chan.go:514 +0x12 fp=0x145f375a4778 sp=0x145f375a4750 pc=0x41ced2
github.com/wandb/wandb/core/internal/filestream.(*fileStream).startProcessingFeedback.func1()
	/project/core/internal/filestream/filestreamimpl.go:115 +0x6e fp=0x145f375a47e0 sp=0x145f375a4778 pc=0x145dd6e
runtime.goexit({})
	/usr/local/go/src/runtime/asm_amd64.s:1264 +0x1 fp=0x145f375a47e8 sp=0x145f375a47e0 pc=0x498ea1
created by github.com/wandb/wandb/core/internal/filestream.(*fileStream).startProcessingFeedback in goroutine 48
	/project/core/internal/filestream/filestreamimpl.go:112 +0x99

goroutine 308 gp=0x145f37408960 m=nil [select, 1 minutes]:
runtime.gopark(0x145f37680f28?, 0x3?, 0x6a?, 0x67?, 0x145f37680efa?)
	/usr/local/go/src/runtime/proc.go:474 +0xca fp=0x145f37680d80 sp=0x145f37680d60 pc=0x491b8a
runtime.selectgo(0x145f37680f28, 0x145f37680ef4, 0x4155514242455144?, 0x0, 0x364c526d514e430a?, 0x1)
	/usr/local/go/src/runtime/select.go:351 +0xa97 fp=0x145f37680ec0 sp=0x145f37680d80 pc=0x469bb7
go.opentelemetry.io/otel/sdk/metric.(*PeriodicReader).run(0x145f37840300, {0x2f6e7f0, 0x145f3724de50}, 0xdf8475800)
	/project/core/vendor/go.opentelemetry.io/otel/sdk/metric/periodic_reader.go:199 +0x125 fp=0x145f37680f90 sp=0x145f37680ec0 pc=0xb00f85
go.opentelemetry.io/otel/sdk/metric.NewPeriodicReader.func2()
	/project/core/vendor/go.opentelemetry.io/otel/sdk/metric/periodic_reader.go:137 +0x4f fp=0x145f37680fe0 sp=0x145f37680f90 pc=0xb08fcf
runtime.goexit({})
	/usr/local/go/src/runtime/asm_amd64.s:1264 +0x1 fp=0x145f37680fe8 sp=0x145f37680fe0 pc=0x498ea1
created by go.opentelemetry.io/otel/sdk/metric.NewPeriodicReader in goroutine 85
	/project/core/vendor/go.opentelemetry.io/otel/sdk/metric/periodic_reader.go:135 +0x2e5

goroutine 212 gp=0x145f37408f00 m=nil [IO wait]:
runtime.gopark(0x757f31?, 0x0?, 0x27?, 0x0?, 0x27?)
	/usr/local/go/src/runtime/proc.go:474 +0xca fp=0x145f36c33820 sp=0x145f36c33800 pc=0x491b8a
runtime.netpollblock(0xffffffffffffffff?, 0x36c338a0?, 0x5f?)
	/usr/local/go/src/runtime/netpoll.go:575 +0xf7 fp=0x145f36c33858 sp=0x145f36c33820 pc=0x450557
internal/poll.runtime_pollWait(0x1510a6031a00, 0x72)
	/usr/local/go/src/runtime/netpoll.go:351 +0x85 fp=0x145f36c33878 sp=0x145f36c33858 pc=0x490d85
internal/poll.(*pollDesc).wait(0x145f37c12080?, 0x145f36b3f500?, 0x0)
	/usr/local/go/src/internal/poll/fd_poll_runtime.go:84 +0x27 fp=0x145f36c338b0 sp=0x145f36c33878 pc=0x509787
internal/poll.(*pollDesc).waitRead(...)
	/usr/local/go/src/internal/poll/fd_poll_runtime.go:89
internal/poll.(*FD).Read(0x145f37c12080, {0x145f36b3f500, 0x1500, 0x1500})
	/usr/local/go/src/internal/poll/fd_unix.go:170 +0x2a8 fp=0x145f36c33948 sp=0x145f36c338b0 pc=0x50a808
net.(*netFD).Read(0x145f37c12080, {0x145f36b3f500?, 0x0?, 0x145f36c339d8?})
	/usr/local/go/src/net/fd_posix.go:68 +0x25 fp=0x145f36c33990 sp=0x145f36c33948 pc=0x6ee385
net.(*conn).Read(0x145f37c16008, {0x145f36b3f500?, 0x145f36c33a00?, 0x757e1c?})
	/usr/local/go/src/net/net.go:196 +0x45 fp=0x145f36c339d8 sp=0x145f36c33990 pc=0x6fd765
crypto/tls.(*Conn).readFromUntil(0x145f37c1e008, {0x2f56258, 0x145f37c16008}, 0x145f36c33c20?)
	/usr/local/go/src/crypto/tls/conn.go:820 +0xf4 fp=0x145f36c33a48 sp=0x145f36c339d8 pc=0x761b34
crypto/tls.(*Conn).readRecordOrCCS(0x145f37c1e008, 0x0)
	/usr/local/go/src/crypto/tls/conn.go:626 +0x3fb fp=0x145f36c33c30 sp=0x145f36c33a48 pc=0x75eb9b
crypto/tls.(*Conn).readRecord(...)
	/usr/local/go/src/crypto/tls/conn.go:588
crypto/tls.(*Conn).Read(0x145f37c1e008, {0x145f374e4000, 0x1000, 0x145f37c1e008?})
	/usr/local/go/src/crypto/tls/conn.go:1392 +0x148 fp=0x145f36c33c98 sp=0x145f36c33c30 pc=0x765348
bufio.(*Reader).Read(0x145f369122a0, {0x145f36a07a84, 0x9, 0x807a85?})
	/usr/local/go/src/bufio/bufio.go:245 +0x193 fp=0x145f36c33cd0 sp=0x145f36c33c98 pc=0x5c25b3
io.ReadAtLeast({0x2f51b78, 0x145f369122a0}, {0x145f36a07a84, 0x9, 0x9}, 0x9)
	/usr/local/go/src/io/io.go:335 +0x83 fp=0x145f36c33d18 sp=0x145f36c33cd0 pc=0x4fea23
io.ReadFull(...)
	/usr/local/go/src/io/io.go:354
net/http/internal/http2.readFrameHeader({0x145f36a07a84, 0x9, 0x7fc667?}, {0x2f51b78?, 0x145f369122a0?})
	/usr/local/go/src/net/http/internal/http2/frame.go:252 +0x65 fp=0x145f36c33d68 sp=0x145f36c33d18 pc=0x7d8185
net/http/internal/http2.(*Framer).ReadFrameHeader(0x145f36a07a40)
	/usr/local/go/src/net/http/internal/http2/frame.go:525 +0x67 fp=0x145f36c33de0 sp=0x145f36c33d68 pc=0x7d87e7
net/http/internal/http2.(*Framer).ReadFrame(0x145f36a07a40)
	/usr/local/go/src/net/http/internal/http2/frame.go:584 +0x18 fp=0x145f36c33e18 sp=0x145f36c33de0 pc=0x7d8f78
net/http/internal/http2.(*clientConnReadLoop).run(0x145f36c33fa8)
	/usr/local/go/src/net/http/internal/http2/transport.go:2047 +0xdb fp=0x145f36c33f60 sp=0x145f36c33e18 pc=0x7f841b
net/http/internal/http2.(*ClientConn).readLoop(0x145f37b1a000)
	/usr/local/go/src/net/http/internal/http2/transport.go:1913 +0x52 fp=0x145f36c33fc8 sp=0x145f36c33f60 pc=0x7f79d2
net/http/internal/http2.(*Transport).newClientConn.gowrap1()
	/usr/local/go/src/net/http/internal/http2/transport.go:703 +0x17 fp=0x145f36c33fe0 sp=0x145f36c33fc8 pc=0x803b97
runtime.goexit({})
	/usr/local/go/src/runtime/asm_amd64.s:1264 +0x1 fp=0x145f36c33fe8 sp=0x145f36c33fe0 pc=0x498ea1
created by net/http/internal/http2.(*Transport).newClientConn in goroutine 211
	/usr/local/go/src/net/http/internal/http2/transport.go:703 +0xda7

goroutine 207 gp=0x145f374092c0 m=nil [IO wait, 1 minutes]:
runtime.gopark(0x757f31?, 0x0?, 0x27?, 0x0?, 0x27?)
	/usr/local/go/src/runtime/proc.go:474 +0xca fp=0x145f36f8e820 sp=0x145f36f8e800 pc=0x491b8a
runtime.netpollblock(0xffffffffffffffff?, 0x36f8e8a0?, 0x5f?)
	/usr/local/go/src/runtime/netpoll.go:575 +0xf7 fp=0x145f36f8e858 sp=0x145f36f8e820 pc=0x450557
internal/poll.runtime_pollWait(0x1510a6031200, 0x72)
	/usr/local/go/src/runtime/netpoll.go:351 +0x85 fp=0x145f36f8e878 sp=0x145f36f8e858 pc=0x490d85
internal/poll.(*pollDesc).wait(0x145f373fb400?, 0x145f372b3800?, 0x0)
	/usr/local/go/src/internal/poll/fd_poll_runtime.go:84 +0x27 fp=0x145f36f8e8b0 sp=0x145f36f8e878 pc=0x509787
internal/poll.(*pollDesc).waitRead(...)
	/usr/local/go/src/internal/poll/fd_poll_runtime.go:89
internal/poll.(*FD).Read(0x145f373fb400, {0x145f372b3800, 0x1800, 0x1800})
	/usr/local/go/src/internal/poll/fd_unix.go:170 +0x2a8 fp=0x145f36f8e948 sp=0x145f36f8e8b0 pc=0x50a808
net.(*netFD).Read(0x145f373fb400, {0x145f372b3800?, 0x0?, 0x145f36f8e9d8?})
	/usr/local/go/src/net/fd_posix.go:68 +0x25 fp=0x145f36f8e990 sp=0x145f36f8e948 pc=0x6ee385
net.(*conn).Read(0x145f37c16510, {0x145f372b3800?, 0x145f36f8ea00?, 0x757e1c?})
	/usr/local/go/src/net/net.go:196 +0x45 fp=0x145f36f8e9d8 sp=0x145f36f8e990 pc=0x6fd765
crypto/tls.(*Conn).readFromUntil(0x145f37a1c808, {0x2f56258, 0x145f37c16510}, 0x145f36f8ec20?)
	/usr/local/go/src/crypto/tls/conn.go:820 +0xf4 fp=0x145f36f8ea48 sp=0x145f36f8e9d8 pc=0x761b34
crypto/tls.(*Conn).readRecordOrCCS(0x145f37a1c808, 0x0)
	/usr/local/go/src/crypto/tls/conn.go:626 +0x3fb fp=0x145f36f8ec30 sp=0x145f36f8ea48 pc=0x75eb9b
crypto/tls.(*Conn).readRecord(...)
	/usr/local/go/src/crypto/tls/conn.go:588
crypto/tls.(*Conn).Read(0x145f37a1c808, {0x145f372fc000, 0x1000, 0x145f37a1c808?})
	/usr/local/go/src/crypto/tls/conn.go:1392 +0x148 fp=0x145f36f8ec98 sp=0x145f36f8ec30 pc=0x765348
bufio.(*Reader).Read(0x145f372d1380, {0x145f37610134, 0x9, 0x807a85?})
	/usr/local/go/src/bufio/bufio.go:245 +0x193 fp=0x145f36f8ecd0 sp=0x145f36f8ec98 pc=0x5c25b3
io.ReadAtLeast({0x2f51b78, 0x145f372d1380}, {0x145f37610134, 0x9, 0x9}, 0x9)
	/usr/local/go/src/io/io.go:335 +0x83 fp=0x145f36f8ed18 sp=0x145f36f8ecd0 pc=0x4fea23
io.ReadFull(...)
	/usr/local/go/src/io/io.go:354
net/http/internal/http2.readFrameHeader({0x145f37610134, 0x9, 0x7fc667?}, {0x2f51b78?, 0x145f372d1380?})
	/usr/local/go/src/net/http/internal/http2/frame.go:252 +0x65 fp=0x145f36f8ed68 sp=0x145f36f8ed18 pc=0x7d8185
net/http/internal/http2.(*Framer).ReadFrameHeader(0x145f376100f0)
	/usr/local/go/src/net/http/internal/http2/frame.go:525 +0x67 fp=0x145f36f8ede0 sp=0x145f36f8ed68 pc=0x7d87e7
net/http/internal/http2.(*Framer).ReadFrame(0x145f376100f0)
	/usr/local/go/src/net/http/internal/http2/frame.go:584 +0x18 fp=0x145f36f8ee18 sp=0x145f36f8ede0 pc=0x7d8f78
net/http/internal/http2.(*clientConnReadLoop).run(0x145f36f8efa8)
	/usr/local/go/src/net/http/internal/http2/transport.go:2047 +0xdb fp=0x145f36f8ef60 sp=0x145f36f8ee18 pc=0x7f841b
net/http/internal/http2.(*ClientConn).readLoop(0x145f36a9e700)
	/usr/local/go/src/net/http/internal/http2/transport.go:1913 +0x52 fp=0x145f36f8efc8 sp=0x145f36f8ef60 pc=0x7f79d2
net/http/internal/http2.(*Transport).newClientConn.gowrap1()
	/usr/local/go/src/net/http/internal/http2/transport.go:703 +0x17 fp=0x145f36f8efe0 sp=0x145f36f8efc8 pc=0x803b97
runtime.goexit({})
	/usr/local/go/src/runtime/asm_amd64.s:1264 +0x1 fp=0x145f36f8efe8 sp=0x145f36f8efe0 pc=0x498ea1
created by net/http/internal/http2.(*Transport).newClientConn in goroutine 206
	/usr/local/go/src/net/http/internal/http2/transport.go:703 +0xda7

goroutine 214 gp=0x145f37688b40 m=nil [chan receive, 1 minutes]:
runtime.gopark(0x0?, 0x0?, 0x10?, 0x24?, 0x432294?)
	/usr/local/go/src/runtime/proc.go:474 +0xca fp=0x145f36c826a0 sp=0x145f36c82680 pc=0x491b8a
runtime.chanrecv(0x145f36ce8150, 0x145f36c82790, 0x1)
	/usr/local/go/src/runtime/chan.go:667 +0x4ae fp=0x145f36c82718 sp=0x145f36c826a0 pc=0x41d38e
runtime.chanrecv2(0x2f6e7f0?, 0x145f37c22410?)
	/usr/local/go/src/runtime/chan.go:514 +0x12 fp=0x145f36c82740 sp=0x145f36c82718 pc=0x41ced2
google.golang.org/grpc/internal/grpcsync.(*CallbackSerializer).run(0x145f367c4500, {0x2f6e7f0, 0x145f37c22410})
	/project/core/vendor/google.golang.org/grpc/internal/grpcsync/callback_serializer.go:114 +0xee fp=0x145f36c827b8 sp=0x145f36c82740 pc=0x9afc8e
google.golang.org/grpc/internal/grpcsync.NewCallbackSerializer.gowrap1()
	/project/core/vendor/google.golang.org/grpc/internal/grpcsync/callback_serializer.go:57 +0x1f fp=0x145f36c827e0 sp=0x145f36c827b8 pc=0x9b02bf
runtime.goexit({})
	/usr/local/go/src/runtime/asm_amd64.s:1264 +0x1 fp=0x145f36c827e8 sp=0x145f36c827e0 pc=0x498ea1
created by google.golang.org/grpc/internal/grpcsync.NewCallbackSerializer in goroutine 178
	/project/core/vendor/google.golang.org/grpc/internal/grpcsync/callback_serializer.go:57 +0x13d

goroutine 215 gp=0x145f37688d20 m=nil [chan receive, 1 minutes]:
runtime.gopark(0x145f378382d0?, 0x4?, 0x0?, 0x0?, 0x0?)
	/usr/local/go/src/runtime/proc.go:474 +0xca fp=0x145f37003ea0 sp=0x145f37003e80 pc=0x491b8a
runtime.chanrecv(0x145f36ce81c0, 0x145f37c2df90, 0x1)
	/usr/local/go/src/runtime/chan.go:667 +0x4ae fp=0x145f37003f18 sp=0x145f37003ea0 pc=0x41d38e
runtime.chanrecv2(0x2f6e7f0?, 0x145f37c22460?)
	/usr/local/go/src/runtime/chan.go:514 +0x12 fp=0x145f37003f40 sp=0x145f37003f18 pc=0x41ced2
google.golang.org/grpc/internal/grpcsync.(*CallbackSerializer).run(0x145f367c4530, {0x2f6e7f0, 0x145f37c22460})
	/project/core/vendor/google.golang.org/grpc/internal/grpcsync/callback_serializer.go:114 +0xee fp=0x145f37003fb8 sp=0x145f37003f40 pc=0x9afc8e
google.golang.org/grpc/internal/grpcsync.NewCallbackSerializer.gowrap1()
	/project/core/vendor/google.golang.org/grpc/internal/grpcsync/callback_serializer.go:57 +0x1f fp=0x145f37003fe0 sp=0x145f37003fb8 pc=0x9b02bf
runtime.goexit({})
	/usr/local/go/src/runtime/asm_amd64.s:1264 +0x1 fp=0x145f37003fe8 sp=0x145f37003fe0 pc=0x498ea1
created by google.golang.org/grpc/internal/grpcsync.NewCallbackSerializer in goroutine 178
	/project/core/vendor/google.golang.org/grpc/internal/grpcsync/callback_serializer.go:57 +0x13d

goroutine 309 gp=0x145f37688f00 m=nil [select, 1 minutes]:
runtime.gopark(0x145f37681718?, 0x4?, 0x85?, 0xce?, 0x145f376816a8?)
	/usr/local/go/src/runtime/proc.go:474 +0xca fp=0x145f37681528 sp=0x145f37681508 pc=0x491b8a
runtime.selectgo(0x145f37681718, 0x145f376816a0, 0x6b61554468673831?, 0x0, 0x3577556c4e6f7965?, 0x1)
	/usr/local/go/src/runtime/select.go:351 +0xa97 fp=0x145f37681668 sp=0x145f37681528 pc=0x469bb7
go.opentelemetry.io/otel/sdk/log.(*BatchProcessor).process.func1()
	/project/core/vendor/go.opentelemetry.io/otel/sdk/log/batch.go:170 +0x299 fp=0x145f376817e0 sp=0x145f37681668 pc=0xad8e59
runtime.goexit({})
	/usr/local/go/src/runtime/asm_amd64.s:1264 +0x1 fp=0x145f376817e8 sp=0x145f376817e0 pc=0x498ea1
created by go.opentelemetry.io/otel/sdk/log.(*BatchProcessor).process in goroutine 85
	/project/core/vendor/go.opentelemetry.io/otel/sdk/log/batch.go:132 +0x67

goroutine 216 gp=0x145f37c1c1e0 m=nil [chan receive, 1 minutes]:
runtime.gopark(0x145f37646640?, 0x2f71900?, 0x30?, 0x27?, 0x1510a62f70a0?)
	/usr/local/go/src/runtime/proc.go:474 +0xca fp=0x145f37c04ea0 sp=0x145f37c04e80 pc=0x491b8a
runtime.chanrecv(0x145f36ce83f0, 0x145f36b9ff90, 0x1)
	/usr/local/go/src/runtime/chan.go:667 +0x4ae fp=0x145f37c04f18 sp=0x145f37c04ea0 pc=0x41d38e
runtime.chanrecv2(0x2f6e7f0?, 0x145f37c224b0?)
	/usr/local/go/src/runtime/chan.go:514 +0x12 fp=0x145f37c04f40 sp=0x145f37c04f18 pc=0x41ced2
google.golang.org/grpc/internal/grpcsync.(*CallbackSerializer).run(0x145f367c4560, {0x2f6e7f0, 0x145f37c224b0})
	/project/core/vendor/google.golang.org/grpc/internal/grpcsync/callback_serializer.go:114 +0xee fp=0x145f37c04fb8 sp=0x145f37c04f40 pc=0x9afc8e
google.golang.org/grpc/internal/grpcsync.NewCallbackSerializer.gowrap1()
	/project/core/vendor/google.golang.org/grpc/internal/grpcsync/callback_serializer.go:57 +0x1f fp=0x145f37c04fe0 sp=0x145f37c04fb8 pc=0x9b02bf
runtime.goexit({})
	/usr/local/go/src/runtime/asm_amd64.s:1264 +0x1 fp=0x145f37c04fe8 sp=0x145f37c04fe0 pc=0x498ea1
created by google.golang.org/grpc/internal/grpcsync.NewCallbackSerializer in goroutine 178
	/project/core/vendor/google.golang.org/grpc/internal/grpcsync/callback_serializer.go:57 +0x13d

goroutine 227 gp=0x145f37409860 m=nil [IO wait]:
runtime.gopark(0x4b0118?, 0x41af26?, 0x88?, 0x6b?, 0x9dd01f?)
	/usr/local/go/src/runtime/proc.go:474 +0xca fp=0x145f37c06b50 sp=0x145f37c06b30 pc=0x491b8a
runtime.netpollblock(0x145f37c06bd0?, 0x9e2f90?, 0x0?)
	/usr/local/go/src/runtime/netpoll.go:575 +0xf7 fp=0x145f37c06b88 sp=0x145f37c06b50 pc=0x450557
internal/poll.runtime_pollWait(0x1510a6031600, 0x72)
	/usr/local/go/src/runtime/netpoll.go:351 +0x85 fp=0x145f37c06ba8 sp=0x145f37c06b88 pc=0x490d85
internal/poll.(*pollDesc).wait(0xe?, 0x145f36eb01a0?, 0x0)
	/usr/local/go/src/internal/poll/fd_poll_runtime.go:84 +0x27 fp=0x145f37c06be0 sp=0x145f37c06ba8 pc=0x509787
internal/poll.(*pollDesc).waitRead(...)
	/usr/local/go/src/internal/poll/fd_poll_runtime.go:89
internal/poll.(*FD).RawRead(0x145f373fa080, 0x145f36f94140)
	/usr/local/go/src/internal/poll/fd_unix.go:715 +0x127 fp=0x145f37c06c40 sp=0x145f37c06be0 pc=0x50eca7
net.(*rawConn).Read(0x145f3675a040, 0x145f37c06cb8?)
	/usr/local/go/src/net/rawconn.go:44 +0x36 fp=0x145f37c06c88 sp=0x145f37c06c40 pc=0x701276
google.golang.org/grpc/internal/transport/readyreader.(*nonBlockingReader).ReadOnReady(0x145f37b22280, 0x9e2dbf?, {0x2f644a8, 0x145f37bce330})
	/project/core/vendor/google.golang.org/grpc/internal/transport/readyreader/ready_reader.go:114 +0xa7 fp=0x145f37c06ce0 sp=0x145f37c06c88 pc=0x9e28c7
google.golang.org/grpc/internal/transport/readyreader.(*bufReadyReader).Read(0x145f36cd61c0, {0x145f3760c044, 0x9, 0x145f37c06d60?})
	/project/core/vendor/google.golang.org/grpc/internal/transport/readyreader/ready_reader.go:221 +0x173 fp=0x145f37c06d18 sp=0x145f37c06ce0 pc=0x9e2c73
io.ReadAtLeast({0x2f58658, 0x145f36cd61c0}, {0x145f3760c044, 0x9, 0x9}, 0x9)
	/usr/local/go/src/io/io.go:335 +0x83 fp=0x145f37c06d60 sp=0x145f37c06d18 pc=0x4fea23
io.ReadFull(...)
	/usr/local/go/src/io/io.go:354
golang.org/x/net/http2.readFrameHeader({0x145f3760c044, 0x9, 0x26?}, {0x2f58658?, 0x145f36cd61c0?})
	/project/core/vendor/golang.org/x/net/http2/frame.go:250 +0x65 fp=0x145f37c06db0 sp=0x145f37c06d60 pc=0x9cfb05
golang.org/x/net/http2.(*Framer).ReadFrameHeader(0x145f3760c000)
	/project/core/vendor/golang.org/x/net/http2/frame.go:513 +0x67 fp=0x145f37c06e28 sp=0x145f37c06db0 pc=0x9d0167
google.golang.org/grpc/internal/transport.(*framer).readFrame(0x145f373fa280)
	/project/core/vendor/google.golang.org/grpc/internal/transport/http_util.go:493 +0x45 fp=0x145f37c06e60 sp=0x145f37c06e28 pc=0xa05545
google.golang.org/grpc/internal/transport.(*http2Client).reader(0x145f3772c248, 0x145f36cd6230)
	/project/core/vendor/google.golang.org/grpc/internal/transport/http2_client.go:1707 +0x1ba fp=0x145f37c06fc0 sp=0x145f37c06e60 pc=0x9f8b1a
google.golang.org/grpc/internal/transport.NewHTTP2Client.gowrap4()
	/project/core/vendor/google.golang.org/grpc/internal/transport/http2_client.go:420 +0x1b fp=0x145f37c06fe0 sp=0x145f37c06fc0 pc=0xa0b29b
runtime.goexit({})
	/usr/local/go/src/runtime/asm_amd64.s:1264 +0x1 fp=0x145f37c06fe8 sp=0x145f37c06fe0 pc=0x498ea1
created by google.golang.org/grpc/internal/transport.NewHTTP2Client in goroutine 217
	/project/core/vendor/google.golang.org/grpc/internal/transport/http2_client.go:420 +0x1e1d

goroutine 218 gp=0x145f37c1c5a0 m=nil [select]:
runtime.gopark(0x145f37004ed8?, 0x2?, 0x68?, 0x4d?, 0x145f37004eac?)
	/usr/local/go/src/runtime/proc.go:474 +0xca fp=0x145f37004d38 sp=0x145f37004d18 pc=0x491b8a
runtime.selectgo(0x145f37004ed8, 0x145f37004ea8, 0x145f3675a038?, 0x0, 0x4a2aaa?, 0x1)
	/usr/local/go/src/runtime/select.go:351 +0xa97 fp=0x145f37004e78 sp=0x145f37004d38 pc=0x469bb7
google.golang.org/grpc/internal/transport.(*controlBuffer).get(0x145f36ab28c0, 0x1)
	/project/core/vendor/google.golang.org/grpc/internal/transport/controlbuf.go:420 +0x10a fp=0x145f37004f08 sp=0x145f37004e78 pc=0x9e6aca
google.golang.org/grpc/internal/transport.(*loopyWriter).run(0x145f375b85a0)
	/project/core/vendor/google.golang.org/grpc/internal/transport/controlbuf.go:595 +0x78 fp=0x145f37004f68 sp=0x145f37004f08 pc=0x9e7278
google.golang.org/grpc/internal/transport.NewHTTP2Client.func6()
	/project/core/vendor/google.golang.org/grpc/internal/transport/http2_client.go:478 +0xdb fp=0x145f37004fe0 sp=0x145f37004f68 pc=0xa0b19b
runtime.goexit({})
	/usr/local/go/src/runtime/asm_amd64.s:1264 +0x1 fp=0x145f37004fe8 sp=0x145f37004fe0 pc=0x498ea1
created by google.golang.org/grpc/internal/transport.NewHTTP2Client in goroutine 217
	/project/core/vendor/google.golang.org/grpc/internal/transport/http2_client.go:476 +0x23e5

goroutine 347 gp=0x145f37409c20 m=nil [IO wait]:
runtime.gopark(0x757f31?, 0x0?, 0x27?, 0x0?, 0x27?)
	/usr/local/go/src/runtime/proc.go:474 +0xca fp=0x145f37002820 sp=0x145f37002800 pc=0x491b8a
runtime.netpollblock(0xffffffffffffffff?, 0x370028a0?, 0x5f?)
	/usr/local/go/src/runtime/netpoll.go:575 +0xf7 fp=0x145f37002858 sp=0x145f37002820 pc=0x450557
internal/poll.runtime_pollWait(0x1510a6031400, 0x72)
	/usr/local/go/src/runtime/netpoll.go:351 +0x85 fp=0x145f37002878 sp=0x145f37002858 pc=0x490d85
internal/poll.(*pollDesc).wait(0x145f369bd200?, 0x145f37d14a00?, 0x0)
	/usr/local/go/src/internal/poll/fd_poll_runtime.go:84 +0x27 fp=0x145f370028b0 sp=0x145f37002878 pc=0x509787
internal/poll.(*pollDesc).waitRead(...)
	/usr/local/go/src/internal/poll/fd_poll_runtime.go:89
internal/poll.(*FD).Read(0x145f369bd200, {0x145f37d14a00, 0x1500, 0x1500})
	/usr/local/go/src/internal/poll/fd_unix.go:170 +0x2a8 fp=0x145f37002948 sp=0x145f370028b0 pc=0x50a808
net.(*netFD).Read(0x145f369bd200, {0x145f37d14a00?, 0x0?, 0x145f370029d8?})
	/usr/local/go/src/net/fd_posix.go:68 +0x25 fp=0x145f37002990 sp=0x145f37002948 pc=0x6ee385
net.(*conn).Read(0x145f36d02470, {0x145f37d14a00?, 0x145f37002a00?, 0x757e1c?})
	/usr/local/go/src/net/net.go:196 +0x45 fp=0x145f370029d8 sp=0x145f37002990 pc=0x6fd765
crypto/tls.(*Conn).readFromUntil(0x145f3727b008, {0x2f56258, 0x145f36d02470}, 0x145f37002c20?)
	/usr/local/go/src/crypto/tls/conn.go:820 +0xf4 fp=0x145f37002a48 sp=0x145f370029d8 pc=0x761b34
crypto/tls.(*Conn).readRecordOrCCS(0x145f3727b008, 0x0)
	/usr/local/go/src/crypto/tls/conn.go:626 +0x3fb fp=0x145f37002c30 sp=0x145f37002a48 pc=0x75eb9b
crypto/tls.(*Conn).readRecord(...)
	/usr/local/go/src/crypto/tls/conn.go:588
crypto/tls.(*Conn).Read(0x145f3727b008, {0x145f372cb000, 0x1000, 0x145f3727b008?})
	/usr/local/go/src/crypto/tls/conn.go:1392 +0x148 fp=0x145f37002c98 sp=0x145f37002c30 pc=0x765348
bufio.(*Reader).Read(0x145f3746c660, {0x145f37610404, 0x9, 0x807a85?})
	/usr/local/go/src/bufio/bufio.go:245 +0x193 fp=0x145f37002cd0 sp=0x145f37002c98 pc=0x5c25b3
io.ReadAtLeast({0x2f51b78, 0x145f3746c660}, {0x145f37610404, 0x9, 0x9}, 0x9)
	/usr/local/go/src/io/io.go:335 +0x83 fp=0x145f37002d18 sp=0x145f37002cd0 pc=0x4fea23
io.ReadFull(...)
	/usr/local/go/src/io/io.go:354
net/http/internal/http2.readFrameHeader({0x145f37610404, 0x9, 0x7fc667?}, {0x2f51b78?, 0x145f3746c660?})
	/usr/local/go/src/net/http/internal/http2/frame.go:252 +0x65 fp=0x145f37002d68 sp=0x145f37002d18 pc=0x7d8185
net/http/internal/http2.(*Framer).ReadFrameHeader(0x145f376103c0)
	/usr/local/go/src/net/http/internal/http2/frame.go:525 +0x67 fp=0x145f37002de0 sp=0x145f37002d68 pc=0x7d87e7
net/http/internal/http2.(*Framer).ReadFrame(0x145f376103c0)
	/usr/local/go/src/net/http/internal/http2/frame.go:584 +0x18 fp=0x145f37002e18 sp=0x145f37002de0 pc=0x7d8f78
net/http/internal/http2.(*clientConnReadLoop).run(0x145f37002fa8)
	/usr/local/go/src/net/http/internal/http2/transport.go:2047 +0xdb fp=0x145f37002f60 sp=0x145f37002e18 pc=0x7f841b
net/http/internal/http2.(*ClientConn).readLoop(0x145f36a9e8c0)
	/usr/local/go/src/net/http/internal/http2/transport.go:1913 +0x52 fp=0x145f37002fc8 sp=0x145f37002f60 pc=0x7f79d2
net/http/internal/http2.(*Transport).newClientConn.gowrap1()
	/usr/local/go/src/net/http/internal/http2/transport.go:703 +0x17 fp=0x145f37002fe0 sp=0x145f37002fc8 pc=0x803b97
runtime.goexit({})
	/usr/local/go/src/runtime/asm_amd64.s:1264 +0x1 fp=0x145f37002fe8 sp=0x145f37002fe0 pc=0x498ea1
created by net/http/internal/http2.(*Transport).newClientConn in goroutine 346
	/usr/local/go/src/net/http/internal/http2/transport.go:703 +0xda7

goroutine 306 gp=0x145f36c09860 m=nil [select, 1 minutes]:
runtime.gopark(0x145f379d5f18?, 0x4?, 0x85?, 0xce?, 0x145f379d5ea8?)
	/usr/local/go/src/runtime/proc.go:474 +0xca fp=0x145f379d5d28 sp=0x145f379d5d08 pc=0x491b8a
runtime.selectgo(0x145f379d5f18, 0x145f379d5ea0, 0x0?, 0x0, 0x0?, 0x1)
	/usr/local/go/src/runtime/select.go:351 +0xa97 fp=0x145f379d5e68 sp=0x145f379d5d28 pc=0x469bb7
go.opentelemetry.io/otel/sdk/log.(*BatchProcessor).process.func1()
	/project/core/vendor/go.opentelemetry.io/otel/sdk/log/batch.go:170 +0x299 fp=0x145f379d5fe0 sp=0x145f379d5e68 pc=0xad8e59
runtime.goexit({})
	/usr/local/go/src/runtime/asm_amd64.s:1264 +0x1 fp=0x145f379d5fe8 sp=0x145f379d5fe0 pc=0x498ea1
created by go.opentelemetry.io/otel/sdk/log.(*BatchProcessor).process in goroutine 85
	/project/core/vendor/go.opentelemetry.io/otel/sdk/log/batch.go:132 +0x67

goroutine 177 gp=0x145f37736b40 m=nil [select, 1 minutes]:
>> Training   (   0):   0%|          | 0/20 [?it/s]
runtime.gopark(0x145f36c84728?, 0x3?, 0x6a?, 0x67?, 0x145f36c846fa?)
	/usr/local/go/src/runtime/proc.go:474 +0xca fp=0x145f36c84580 sp=0x145f36c84560 pc=0x491b8a
runtime.selectgo(0x145f36c84728, 0x145f36c846f4, 0x29f78f8?, 0x0, 0x145f37722180?, 0x1)
	/usr/local/go/src/runtime/select.go:351 +0xa97 fp=0x145f36c846c0 sp=0x145f36c84580 pc=0x469bb7
go.opentelemetry.io/otel/sdk/metric.(*PeriodicReader).run(0x145f37840240, {0x2f6e7f0, 0x145f3724dcc0}, 0xdf8475800)
	/project/core/vendor/go.opentelemetry.io/otel/sdk/metric/periodic_reader.go:199 +0x125 fp=0x145f36c84790 sp=0x145f36c846c0 pc=0xb00f85
go.opentelemetry.io/otel/sdk/metric.NewPeriodicReader.func2()
	/project/core/vendor/go.opentelemetry.io/otel/sdk/metric/periodic_reader.go:137 +0x4f fp=0x145f36c847e0 sp=0x145f36c84790 pc=0xb08fcf
runtime.goexit({})
	/usr/local/go/src/runtime/asm_amd64.s:1264 +0x1 fp=0x145f36c847e8 sp=0x145f36c847e0 pc=0x498ea1
created by go.opentelemetry.io/otel/sdk/metric.NewPeriodicReader in goroutine 85
	/project/core/vendor/go.opentelemetry.io/otel/sdk/metric/periodic_reader.go:135 +0x2e5

goroutine 319 gp=0x145f37787860 m=nil [IO wait, 1 minutes]:
runtime.gopark(0x757f31?, 0x0?, 0x27?, 0x0?, 0x27?)
	/usr/local/go/src/runtime/proc.go:474 +0xca fp=0x145f37c02820 sp=0x145f37c02800 pc=0x491b8a
runtime.netpollblock(0xffffffffffffffff?, 0x37c028a0?, 0x5f?)
	/usr/local/go/src/runtime/netpoll.go:575 +0xf7 fp=0x145f37c02858 sp=0x145f37c02820 pc=0x450557
internal/poll.runtime_pollWait(0x15105d41a000, 0x72)
	/usr/local/go/src/runtime/netpoll.go:351 +0x85 fp=0x145f37c02878 sp=0x145f37c02858 pc=0x490d85
internal/poll.(*pollDesc).wait(0x145f37718780?, 0x145f37d12000?, 0x0)
	/usr/local/go/src/internal/poll/fd_poll_runtime.go:84 +0x27 fp=0x145f37c028b0 sp=0x145f37c02878 pc=0x509787
internal/poll.(*pollDesc).waitRead(...)
	/usr/local/go/src/internal/poll/fd_poll_runtime.go:89
internal/poll.(*FD).Read(0x145f37718780, {0x145f37d12000, 0x1500, 0x1500})
	/usr/local/go/src/internal/poll/fd_unix.go:170 +0x2a8 fp=0x145f37c02948 sp=0x145f37c028b0 pc=0x50a808
net.(*netFD).Read(0x145f37718780, {0x145f37d12000?, 0x0?, 0x145f37c029d8?})
	/usr/local/go/src/net/fd_posix.go:68 +0x25 fp=0x145f37c02990 sp=0x145f37c02948 pc=0x6ee385
net.(*conn).Read(0x145f36902980, {0x145f37d12000?, 0x145f37c02a00?, 0x757e1c?})
	/usr/local/go/src/net/net.go:196 +0x45 fp=0x145f37c029d8 sp=0x145f37c02990 pc=0x6fd765
crypto/tls.(*Conn).readFromUntil(0x145f3727ac08, {0x2f56258, 0x145f36902980}, 0x145f37c02c20?)
	/usr/local/go/src/crypto/tls/conn.go:820 +0xf4 fp=0x145f37c02a48 sp=0x145f37c029d8 pc=0x761b34
crypto/tls.(*Conn).readRecordOrCCS(0x145f3727ac08, 0x0)
	/usr/local/go/src/crypto/tls/conn.go:626 +0x3fb fp=0x145f37c02c30 sp=0x145f37c02a48 pc=0x75eb9b
crypto/tls.(*Conn).readRecord(...)
	/usr/local/go/src/crypto/tls/conn.go:588
crypto/tls.(*Conn).Read(0x145f3727ac08, {0x145f37d42000, 0x1000, 0x145f3727ac08?})
	/usr/local/go/src/crypto/tls/conn.go:1392 +0x148 fp=0x145f37c02c98 sp=0x145f37c02c30 pc=0x765348
bufio.(*Reader).Read(0x145f37d0b9e0, {0x145f37266134, 0x9, 0x807a85?})
	/usr/local/go/src/bufio/bufio.go:245 +0x193 fp=0x145f37c02cd0 sp=0x145f37c02c98 pc=0x5c25b3
io.ReadAtLeast({0x2f51b78, 0x145f37d0b9e0}, {0x145f37266134, 0x9, 0x9}, 0x9)
	/usr/local/go/src/io/io.go:335 +0x83 fp=0x145f37c02d18 sp=0x145f37c02cd0 pc=0x4fea23
io.ReadFull(...)
	/usr/local/go/src/io/io.go:354
net/http/internal/http2.readFrameHeader({0x145f37266134, 0x9, 0x7fc667?}, {0x2f51b78?, 0x145f37d0b9e0?})
	/usr/local/go/src/net/http/internal/http2/frame.go:252 +0x65 fp=0x145f37c02d68 sp=0x145f37c02d18 pc=0x7d8185
net/http/internal/http2.(*Framer).ReadFrameHeader(0x145f372660f0)
	/usr/local/go/src/net/http/internal/http2/frame.go:525 +0x67 fp=0x145f37c02de0 sp=0x145f37c02d68 pc=0x7d87e7
net/http/internal/http2.(*Framer).ReadFrame(0x145f372660f0)
	/usr/local/go/src/net/http/internal/http2/frame.go:584 +0x18 fp=0x145f37c02e18 sp=0x145f37c02de0 pc=0x7d8f78
net/http/internal/http2.(*clientConnReadLoop).run(0x145f37c02fa8)
	/usr/local/go/src/net/http/internal/http2/transport.go:2047 +0xdb fp=0x145f37c02f60 sp=0x145f37c02e18 pc=0x7f841b
net/http/internal/http2.(*ClientConn).readLoop(0x145f37848e00)
	/usr/local/go/src/net/http/internal/http2/transport.go:1913 +0x52 fp=0x145f37c02fc8 sp=0x145f37c02f60 pc=0x7f79d2
net/http/internal/http2.(*Transport).newClientConn.gowrap1()
	/usr/local/go/src/net/http/internal/http2/transport.go:703 +0x17 fp=0x145f37c02fe0 sp=0x145f37c02fc8 pc=0x803b97
runtime.goexit({})
	/usr/local/go/src/runtime/asm_amd64.s:1264 +0x1 fp=0x145f37c02fe8 sp=0x145f37c02fe0 pc=0x498ea1
created by net/http/internal/http2.(*Transport).newClientConn in goroutine 318
	/usr/local/go/src/net/http/internal/http2/transport.go:703 +0xda7

goroutine 249 gp=0x145f37f843c0 m=nil [select]:
runtime.gopark(0x145f375a66a0?, 0x3?, 0x50?, 0x9c?, 0x145f375a6642?)
	/usr/local/go/src/runtime/proc.go:474 +0xca fp=0x145f375a64b8 sp=0x145f375a6498 pc=0x491b8a
runtime.selectgo(0x145f375a66a0, 0x145f375a663c, 0x0?, 0x0, 0x0?, 0x1)
	/usr/local/go/src/runtime/select.go:351 +0xa97 fp=0x145f375a65f8 sp=0x145f375a64b8 pc=0x469bb7
github.com/wandb/wandb/core/internal/observability.(*Printer).ReadWait(0x145f37b023f0, {0x2f6e7f0?, 0x145f380480f0?})
	/project/core/internal/observability/printer.go:111 +0xd6 fp=0x145f375a66f8 sp=0x145f375a65f8 pc=0xbaf756
github.com/wandb/wandb/core/internal/stream.(*Handler).popInternalMessages(0x145f37b22d70?, 0x70dfdb?, 0x145f36964740)
	/project/core/internal/stream/handler.go:817 +0x45 fp=0x145f375a67b8 sp=0x145f375a66f8 pc=0x16fbf45
github.com/wandb/wandb/core/internal/stream.(*Handler).handleRequestInternalMessages.gowrap1()
	/project/core/internal/stream/handler.go:806 +0x1f fp=0x145f375a67e0 sp=0x145f375a67b8 pc=0x170a67f
runtime.goexit({})
	/usr/local/go/src/runtime/asm_amd64.s:1264 +0x1 fp=0x145f375a67e8 sp=0x145f375a67e0 pc=0x498ea1
created by github.com/wandb/wandb/core/internal/stream.(*Handler).handleRequestInternalMessages in goroutine 45
	/project/core/internal/stream/handler.go:806 +0x99

goroutine 344 gp=0x145f37689680 m=nil [IO wait]:
runtime.gopark(0x757f31?, 0x0?, 0x27?, 0x0?, 0x27?)
	/usr/local/go/src/runtime/proc.go:474 +0xca fp=0x145f37dd1820 sp=0x145f37dd1800 pc=0x491b8a
runtime.netpollblock(0xffffffffffffffff?, 0x37dd18a0?, 0x5f?)
	/usr/local/go/src/runtime/netpoll.go:575 +0xf7 fp=0x145f37dd1858 sp=0x145f37dd1820 pc=0x450557
internal/poll.runtime_pollWait(0x15105d419e00, 0x72)
	/usr/local/go/src/runtime/netpoll.go:351 +0x85 fp=0x145f37dd1878 sp=0x145f37dd1858 pc=0x490d85
internal/poll.(*pollDesc).wait(0x145f369bd180?, 0x145f37d13500?, 0x0)
	/usr/local/go/src/internal/poll/fd_poll_runtime.go:84 +0x27 fp=0x145f37dd18b0 sp=0x145f37dd1878 pc=0x509787
internal/poll.(*pollDesc).waitRead(...)
	/usr/local/go/src/internal/poll/fd_poll_runtime.go:89
internal/poll.(*FD).Read(0x145f369bd180, {0x145f37d13500, 0x1500, 0x1500})
	/usr/local/go/src/internal/poll/fd_unix.go:170 +0x2a8 fp=0x145f37dd1948 sp=0x145f37dd18b0 pc=0x50a808
net.(*netFD).Read(0x145f369bd180, {0x145f37d13500?, 0x0?, 0x145f37dd19d8?})
	/usr/local/go/src/net/fd_posix.go:68 +0x25 fp=0x145f37dd1990 sp=0x145f37dd1948 pc=0x6ee385
net.(*conn).Read(0x145f36d02458, {0x145f37d13500?, 0x145f37dd1a00?, 0x757e1c?})
	/usr/local/go/src/net/net.go:196 +0x45 fp=0x145f37dd19d8 sp=0x145f37dd1990 pc=0x6fd765
crypto/tls.(*Conn).readFromUntil(0x145f3727a408, {0x2f56258, 0x145f36d02458}, 0x145f37dd1c20?)
	/usr/local/go/src/crypto/tls/conn.go:820 +0xf4 fp=0x145f37dd1a48 sp=0x145f37dd19d8 pc=0x761b34
crypto/tls.(*Conn).readRecordOrCCS(0x145f3727a408, 0x0)
	/usr/local/go/src/crypto/tls/conn.go:626 +0x3fb fp=0x145f37dd1c30 sp=0x145f37dd1a48 pc=0x75eb9b
crypto/tls.(*Conn).readRecord(...)
	/usr/local/go/src/crypto/tls/conn.go:588
crypto/tls.(*Conn).Read(0x145f3727a408, {0x145f36e76000, 0x1000, 0x145f3727a408?})
	/usr/local/go/src/crypto/tls/conn.go:1392 +0x148 fp=0x145f37dd1c98 sp=0x145f37dd1c30 pc=0x765348
bufio.(*Reader).Read(0x145f3804af00, {0x145f37610314, 0x9, 0x807a85?})
	/usr/local/go/src/bufio/bufio.go:245 +0x193 fp=0x145f37dd1cd0 sp=0x145f37dd1c98 pc=0x5c25b3
io.ReadAtLeast({0x2f51b78, 0x145f3804af00}, {0x145f37610314, 0x9, 0x9}, 0x9)
	/usr/local/go/src/io/io.go:335 +0x83 fp=0x145f37dd1d18 sp=0x145f37dd1cd0 pc=0x4fea23
io.ReadFull(...)
	/usr/local/go/src/io/io.go:354
net/http/internal/http2.readFrameHeader({0x145f37610314, 0x9, 0x7fc667?}, {0x2f51b78?, 0x145f3804af00?})
	/usr/local/go/src/net/http/internal/http2/frame.go:252 +0x65 fp=0x145f37dd1d68 sp=0x145f37dd1d18 pc=0x7d8185
net/http/internal/http2.(*Framer).ReadFrameHeader(0x145f376102d0)
	/usr/local/go/src/net/http/internal/http2/frame.go:525 +0x67 fp=0x145f37dd1de0 sp=0x145f37dd1d68 pc=0x7d87e7
net/http/internal/http2.(*Framer).ReadFrame(0x145f376102d0)
	/usr/local/go/src/net/http/internal/http2/frame.go:584 +0x18 fp=0x145f37dd1e18 sp=0x145f37dd1de0 pc=0x7d8f78
net/http/internal/http2.(*clientConnReadLoop).run(0x145f37dd1fa8)
	/usr/local/go/src/net/http/internal/http2/transport.go:2047 +0xdb fp=0x145f37dd1f60 sp=0x145f37dd1e18 pc=0x7f841b
net/http/internal/http2.(*ClientConn).readLoop(0x145f36a9e380)
	/usr/local/go/src/net/http/internal/http2/transport.go:1913 +0x52 fp=0x145f37dd1fc8 sp=0x145f37dd1f60 pc=0x7f79d2
net/http/internal/http2.(*Transport).newClientConn.gowrap1()
	/usr/local/go/src/net/http/internal/http2/transport.go:703 +0x17 fp=0x145f37dd1fe0 sp=0x145f37dd1fc8 pc=0x803b97
runtime.goexit({})
	/usr/local/go/src/runtime/asm_amd64.s:1264 +0x1 fp=0x145f37dd1fe8 sp=0x145f37dd1fe0 pc=0x498ea1
created by net/http/internal/http2.(*Transport).newClientConn in goroutine 343
	/usr/local/go/src/net/http/internal/http2/transport.go:703 +0xda7

goroutine 337 gp=0x145f37689860 m=nil [IO wait]:
runtime.gopark(0x145f37c00898?, 0x181e0f8?, 0x5?, 0xc0?, 0x3e?)
	/usr/local/go/src/runtime/proc.go:474 +0xca fp=0x145f37c00820 sp=0x145f37c00800 pc=0x491b8a
runtime.netpollblock(0xffffffffffffffff?, 0x37c008a0?, 0x5f?)
	/usr/local/go/src/runtime/netpoll.go:575 +0xf7 fp=0x145f37c00858 sp=0x145f37c00820 pc=0x450557
internal/poll.runtime_pollWait(0x15105d419a00, 0x72)
	/usr/local/go/src/runtime/netpoll.go:351 +0x85 fp=0x145f37c00878 sp=0x145f37c00858 pc=0x490d85
internal/poll.(*pollDesc).wait(0x145f37c13a80?, 0x145f36ebc000?, 0x0)
	/usr/local/go/src/internal/poll/fd_poll_runtime.go:84 +0x27 fp=0x145f37c008b0 sp=0x145f37c00878 pc=0x509787
internal/poll.(*pollDesc).waitRead(...)
	/usr/local/go/src/internal/poll/fd_poll_runtime.go:89
internal/poll.(*FD).Read(0x145f37c13a80, {0x145f36ebc000, 0x1500, 0x1500})
	/usr/local/go/src/internal/poll/fd_unix.go:170 +0x2a8 fp=0x145f37c00948 sp=0x145f37c008b0 pc=0x50a808
net.(*netFD).Read(0x145f37c13a80, {0x145f36ebc000?, 0x4a2d5d?, 0x145f37c009d8?})
	/usr/local/go/src/net/fd_posix.go:68 +0x25 fp=0x145f37c00990 sp=0x145f37c00948 pc=0x6ee385
net.(*conn).Read(0x145f37c16308, {0x145f36ebc000?, 0x145f37c00a00?, 0x145f372fb800?})
	/usr/local/go/src/net/net.go:196 +0x45 fp=0x145f37c009d8 sp=0x145f37c00990 pc=0x6fd765
crypto/tls.(*Conn).readFromUntil(0x145f3758f008, {0x2f56258, 0x145f37c16308}, 0x145f37c00c20?)
	/usr/local/go/src/crypto/tls/conn.go:820 +0xf4 fp=0x145f37c00a48 sp=0x145f37c009d8 pc=0x761b34
crypto/tls.(*Conn).readRecordOrCCS(0x145f3758f008, 0x0)
	/usr/local/go/src/crypto/tls/conn.go:626 +0x3fb fp=0x145f37c00c30 sp=0x145f37c00a48 pc=0x75eb9b
crypto/tls.(*Conn).readRecord(...)
	/usr/local/go/src/crypto/tls/conn.go:588
crypto/tls.(*Conn).Read(0x145f3758f008, {0x145f36ee4000, 0x1000, 0x0?})
	/usr/local/go/src/crypto/tls/conn.go:1392 +0x148 fp=0x145f37c00c98 sp=0x145f37c00c30 pc=0x765348
bufio.(*Reader).Read(0x145f37e33620, {0x145f36a07c64, 0x9, 0x145f37c00d48?})
	/usr/local/go/src/bufio/bufio.go:245 +0x193 fp=0x145f37c00cd0 sp=0x145f37c00c98 pc=0x5c25b3
io.ReadAtLeast({0x2f51b78, 0x145f37e33620}, {0x145f36a07c64, 0x9, 0x9}, 0x9)
	/usr/local/go/src/io/io.go:335 +0x83 fp=0x145f37c00d18 sp=0x145f37c00cd0 pc=0x4fea23
io.ReadFull(...)
	/usr/local/go/src/io/io.go:354
net/http/internal/http2.readFrameHeader({0x145f36a07c64, 0x9, 0x0?}, {0x2f51b78?, 0x145f37e33620?})
	/usr/local/go/src/net/http/internal/http2/frame.go:252 +0x65 fp=0x145f37c00d68 sp=0x145f37c00d18 pc=0x7d8185
net/http/internal/http2.(*Framer).ReadFrameHeader(0x145f36a07c20)
	/usr/local/go/src/net/http/internal/http2/frame.go:525 +0x67 fp=0x145f37c00de0 sp=0x145f37c00d68 pc=0x7d87e7
net/http/internal/http2.(*Framer).ReadFrame(0x145f36a07c20)
	/usr/local/go/src/net/http/internal/http2/frame.go:584 +0x18 fp=0x145f37c00e18 sp=0x145f37c00de0 pc=0x7d8f78
net/http/internal/http2.(*clientConnReadLoop).run(0x145f37c00fa8)
	/usr/local/go/src/net/http/internal/http2/transport.go:2047 +0xdb fp=0x145f37c00f60 sp=0x145f37c00e18 pc=0x7f841b
net/http/internal/http2.(*ClientConn).readLoop(0x145f37b1a380)
	/usr/local/go/src/net/http/internal/http2/transport.go:1913 +0x52 fp=0x145f37c00fc8 sp=0x145f37c00f60 pc=0x7f79d2
net/http/internal/http2.(*Transport).newClientConn.gowrap1()
	/usr/local/go/src/net/http/internal/http2/transport.go:703 +0x17 fp=0x145f37c00fe0 sp=0x145f37c00fc8 pc=0x803b97
runtime.goexit({})
	/usr/local/go/src/runtime/asm_amd64.s:1264 +0x1 fp=0x145f37c00fe8 sp=0x145f37c00fe0 pc=0x498ea1
created by net/http/internal/http2.(*Transport).newClientConn in goroutine 336
	/usr/local/go/src/net/http/internal/http2/transport.go:703 +0xda7

rax    0x0
rbx    0x5
rcx    0x4154ee
rdx    0x80
rdi    0x5
rsi    0x15105d3cf474
rbp    0x15105d3cf428
rsp    0x15105d3cf3e0
r8     0x0
r9     0x0
r10    0x63
r11    0x246
r12    0x15105d3cf4b8
r13    0x145f36a8e080
r14    0x145f377363c0
r15    0x145f374cc360
rip    0x4154ee
rflags 0x10246
cs     0x33
fs     0x0
gs     0x0
>> Training   (   0):   0%|          | 0/20 [?it/s]
Traceback (most recent call last):
  File "/home/scur0088/project/src/train.py", line 773, in main
    runTraining(config)
  File "/home/scur0088/project/src/train.py", line 592, in runTraining
    pred_logits = net(img)
                  ^^^^^^^^
  File "/gpfs/home3/scur0088/project/.venv/lib/python3.12/site-packages/torch/nn/modules/module.py", line 1781, in _wrapped_call_impl
    return self._compiled_call_impl(*args, **kwargs)  # type: ignore[misc]
           ^^^^^^^^^^^^^^^^^^^^^^^^^^^^^^^^^^^^^^^^^
  File "/gpfs/home3/scur0088/project/.venv/lib/python3.12/site-packages/torch/_dynamo/eval_frame.py", line 1278, in compile_wrapper
    raise e.remove_dynamo_frames() from None  # see TORCHDYNAMO_VERBOSE=1
    ^^^^^^^^^^^^^^^^^^^^^^^^^^^^^^^^^^^^^^^^
  File "/gpfs/home3/scur0088/project/.venv/lib/python3.12/site-packages/torch/_dynamo/output_graph.py", line 3260, in _call_user_compiler
    raise BackendCompilerFailed(
  File "/gpfs/home3/scur0088/project/.venv/lib/python3.12/site-packages/torch/_dynamo/output_graph.py", line 3232, in _call_user_compiler
    compiled_fn = compiler_fn(gm, example_inputs)
                  ^^^^^^^^^^^^^^^^^^^^^^^^^^^^^^^
  File "/gpfs/home3/scur0088/project/.venv/lib/python3.12/site-packages/torch/_dynamo/repro/after_dynamo.py", line 163, in __call__
    compiled_gm = compiler_fn(gm, example_inputs)
                  ^^^^^^^^^^^^^^^^^^^^^^^^^^^^^^^
  File "/gpfs/home3/scur0088/project/.venv/lib/python3.12/site-packages/torch/__init__.py", line 2905, in __call__
    return compile_fx(
           ^^^^^^^^^^^
  File "/gpfs/home3/scur0088/project/.venv/lib/python3.12/site-packages/torch/_inductor/compile_fx.py", line 3020, in compile_fx
    return _maybe_wrap_and_compile_fx_main(
           ^^^^^^^^^^^^^^^^^^^^^^^^^^^^^^^^
  File "/gpfs/home3/scur0088/project/.venv/lib/python3.12/site-packages/torch/_inductor/compile_fx.py", line 3104, in _maybe_wrap_and_compile_fx_main
    return _compile_fx_main(
           ^^^^^^^^^^^^^^^^^
  File "/gpfs/home3/scur0088/project/.venv/lib/python3.12/site-packages/torch/_inductor/compile_fx.py", line 3309, in _compile_fx_main
    return dynamo_common.aot_autograd(
           ^^^^^^^^^^^^^^^^^^^^^^^^^^^
  File "/gpfs/home3/scur0088/project/.venv/lib/python3.12/site-packages/torch/_dynamo/backends/common.py", line 150, in __call__
    cg = aot_module_simplified(
         ^^^^^^^^^^^^^^^^^^^^^^
  File "/gpfs/home3/scur0088/project/.venv/lib/python3.12/site-packages/torch/_functorch/aot_autograd.py", line 1250, in aot_module_simplified
    compiled_fn, _ = aot_stage2_compile(
                     ^^^^^^^^^^^^^^^^^^^
  File "/gpfs/home3/scur0088/project/.venv/lib/python3.12/site-packages/torch/_functorch/_aot_autograd/graph_compile.py", line 357, in aot_stage2_compile
    return aot_stage2_autograd(
           ^^^^^^^^^^^^^^^^^^^^
  File "/gpfs/home3/scur0088/project/.venv/lib/python3.12/site-packages/torch/_functorch/_aot_autograd/graph_compile.py", line 2511, in aot_stage2_autograd
    fwd_output_strides, compiled_fw_func = _aot_stage2b_fw_compile(
                                           ^^^^^^^^^^^^^^^^^^^^^^^^
  File "/gpfs/home3/scur0088/project/.venv/lib/python3.12/site-packages/torch/_functorch/_aot_autograd/graph_compile.py", line 2292, in _aot_stage2b_fw_compile
    return _aot_stage2b_compile_forward_or_inference(
           ^^^^^^^^^^^^^^^^^^^^^^^^^^^^^^^^^^^^^^^^^^
  File "/gpfs/home3/scur0088/project/.venv/lib/python3.12/site-packages/torch/_functorch/_aot_autograd/graph_compile.py", line 2843, in _aot_stage2b_compile_forward_or_inference
    compiled_fw_func = compiler(fw_module, adjusted_flat_args)
                       ^^^^^^^^^^^^^^^^^^^^^^^^^^^^^^^^^^^^^^^
  File "/gpfs/home3/scur0088/project/.venv/lib/python3.12/site-packages/torch/_functorch/_aot_autograd/schemas.py", line 1504, in __call__
    output_code = self.compiler_fn(gm, example_inputs)
                  ^^^^^^^^^^^^^^^^^^^^^^^^^^^^^^^^^^^^
  File "/gpfs/home3/scur0088/project/.venv/lib/python3.12/site-packages/torch/_inductor/compile_fx.py", line 3166, in fw_compiler_base
    return compile_fx_forward(
           ^^^^^^^^^^^^^^^^^^^
  File "/gpfs/home3/scur0088/project/.venv/lib/python3.12/site-packages/torch/_inductor/compile_fx.py", line 2753, in compile_fx_forward
    result = inner_compile(
             ^^^^^^^^^^^^^^
  File "/gpfs/home3/scur0088/project/.venv/lib/python3.12/site-packages/torch/_inductor/compile_fx.py", line 919, in compile_fx_inner
    compiled_graph = wrap_compiler_debug(
                     ^^^^^^^^^^^^^^^^^^^^
  File "/gpfs/home3/scur0088/project/.venv/lib/python3.12/site-packages/torch/_dynamo/repro/after_aot.py", line 325, in debug_wrapper
    inner_compiled_fn = compiler_fn(gm, example_inputs)
                        ^^^^^^^^^^^^^^^^^^^^^^^^^^^^^^^
  File "/gpfs/home3/scur0088/project/.venv/lib/python3.12/site-packages/torch/_inductor/compile_fx.py", line 1066, in _compile_fx_inner
    (key_info, cache_info) = FxGraphCache.prepare_key(
                             ^^^^^^^^^^^^^^^^^^^^^^^^^
  File "/gpfs/home3/scur0088/project/.venv/lib/python3.12/site-packages/torch/_inductor/codecache.py", line 2387, in prepare_key
    key, debug_lines = compiled_fx_graph_hash(
                       ^^^^^^^^^^^^^^^^^^^^^^^
  File "/gpfs/home3/scur0088/project/.venv/lib/python3.12/site-packages/torch/_inductor/codecache.py", line 1787, in compiled_fx_graph_hash
    key = pickler.get_key(details)
          ^^^^^^^^^^^^^^^^^^^^^^^^
  File "/gpfs/home3/scur0088/project/.venv/lib/python3.12/site-packages/torch/_inductor/codecache.py", line 927, in get_key
    serialized_data = self.dumps(obj)
                      ^^^^^^^^^^^^^^^
  File "/gpfs/home3/scur0088/project/.venv/lib/python3.12/site-packages/torch/_inductor/codecache.py", line 901, in dumps
    self.dump(obj)
  File "/gpfs/home3/scur0088/project/.venv/lib/python3.12/site-packages/torch/_inductor/codecache.py", line 758, in reducer_override
    result = obj.__reduce_ex__(pickle.DEFAULT_PROTOCOL)
             ^^^^^^^^^^^^^^^^^^^^^^^^^^^^^^^^^^^^^^^^^^
  File "/gpfs/home3/scur0088/project/.venv/lib/python3.12/site-packages/torch/fx/_lazy_graph_module.py", line 174, in __reduce__
    python_code = self._real_recompile()
                  ^^^^^^^^^^^^^^^^^^^^^^
  File "/gpfs/home3/scur0088/project/.venv/lib/python3.12/site-packages/torch/fx/_lazy_graph_module.py", line 181, in _real_recompile
    return super().recompile()
           ^^^^^^^^^^^^^^^^^^^
  File "/gpfs/home3/scur0088/project/.venv/lib/python3.12/site-packages/torch/fx/graph_module.py", line 991, in recompile
    cls.forward = _forward_from_src(self._code, python_code.globals, co_fields)
                  ^^^^^^^^^^^^^^^^^^^^^^^^^^^^^^^^^^^^^^^^^^^^^^^^^^^^^^^^^^^^^
  File "/gpfs/home3/scur0088/project/.venv/lib/python3.12/site-packages/torch/_dynamo/convert_frame.py", line 281, in fx_forward_from_src_skip_result
    result = original_forward_from_src(src, globals, co_fields)
             ^^^^^^^^^^^^^^^^^^^^^^^^^^^^^^^^^^^^^^^^^^^^^^^^^^
  File "/gpfs/home3/scur0088/project/.venv/lib/python3.12/site-packages/torch/fx/graph_module.py", line 151, in _forward_from_src
    return _method_from_src(
           ^^^^^^^^^^^^^^^^^
  File "/gpfs/home3/scur0088/project/.venv/lib/python3.12/site-packages/torch/fx/graph_module.py", line 164, in _method_from_src
    _exec_with_source(src, globals_copy, co_fields)
  File "/gpfs/home3/scur0088/project/.venv/lib/python3.12/site-packages/torch/fx/graph_module.py", line 145, in _exec_with_source
    exec(compile(src, key, "exec", dont_inherit=True), globals)
         ^^^^^^^^^^^^^^^^^^^^^^^^^^^^^^^^^^^^^^^^^^^^
  File "/gpfs/home3/scur0088/project/.venv/lib/python3.12/site-packages/torch/utils/data/_utils/signal_handling.py", line 73, in handler
    _error_if_any_worker_fails()
torch._dynamo.exc.BackendCompilerFailed: backend='inductor' raised:
RuntimeError: DataLoader worker (pid 591084) is killed by signal: Killed. 

Set TORCHDYNAMO_VERBOSE=1 for the internal stack trace (please do this especially if you're reporting a bug to PyTorch). For even more developer context, set TORCH_LOGS="+dynamo"


During handling of the above exception, another exception occurred:

Traceback (most recent call last):
  File "/home/scur0088/project/src/train.py", line 795, in <module>
    main()
  File "/home/scur0088/project/src/train.py", line 777, in main
    wandb.log(
  File "/gpfs/home3/scur0088/project/.venv/lib/python3.12/site-packages/wandb/sdk/wandb_run.py", line 327, in wrapper
    return func(self, *args, **kwargs)
           ^^^^^^^^^^^^^^^^^^^^^^^^^^^
  File "/gpfs/home3/scur0088/project/.venv/lib/python3.12/site-packages/wandb/sdk/wandb_run.py", line 385, in wrapper_fn
    return func(self, *args, **kwargs)
           ^^^^^^^^^^^^^^^^^^^^^^^^^^^
  File "/gpfs/home3/scur0088/project/.venv/lib/python3.12/site-packages/wandb/sdk/wandb_run.py", line 372, in wrapper
    return func(self, *args, **kwargs)
           ^^^^^^^^^^^^^^^^^^^^^^^^^^^
  File "/gpfs/home3/scur0088/project/.venv/lib/python3.12/site-packages/wandb/sdk/wandb_run.py", line 1930, in log
    self._log(data=data, step=step, commit=commit)
  File "/gpfs/home3/scur0088/project/.venv/lib/python3.12/site-packages/wandb/sdk/wandb_run.py", line 1641, in _log
    self._partial_history_callback(data, step, commit)
  File "/gpfs/home3/scur0088/project/.venv/lib/python3.12/site-packages/wandb/sdk/wandb_run.py", line 327, in wrapper
    return func(self, *args, **kwargs)
           ^^^^^^^^^^^^^^^^^^^^^^^^^^^
  File "/gpfs/home3/scur0088/project/.venv/lib/python3.12/site-packages/wandb/sdk/wandb_run.py", line 1477, in _partial_history_callback
    self._interface.publish_partial_history(
  File "/gpfs/home3/scur0088/project/.venv/lib/python3.12/site-packages/wandb/sdk/interface/interface.py", line 714, in publish_partial_history
    self._publish_partial_history(partial_history)
  File "/gpfs/home3/scur0088/project/.venv/lib/python3.12/site-packages/wandb/sdk/interface/interface_shared.py", line 110, in _publish_partial_history
    self._publish(rec)
  File "/gpfs/home3/scur0088/project/.venv/lib/python3.12/site-packages/wandb/sdk/interface/interface_sock.py", line 46, in _publish
    self._asyncer.run(lambda: self._client.publish(request))
  File "/gpfs/home3/scur0088/project/.venv/lib/python3.12/site-packages/wandb/sdk/lib/asyncio_manager.py", line 145, in run
    return future.result()
           ^^^^^^^^^^^^^^^
  File "/gpfs/home3/scur0088/.local/share/uv/python/cpython-3.12.14-linux-x86_64-gnu/lib/python3.12/concurrent/futures/_base.py", line 456, in result
    return self.__get_result()
           ^^^^^^^^^^^^^^^^^^^
  File "/gpfs/home3/scur0088/.local/share/uv/python/cpython-3.12.14-linux-x86_64-gnu/lib/python3.12/concurrent/futures/_base.py", line 401, in __get_result
    raise self._exception
  File "/gpfs/home3/scur0088/project/.venv/lib/python3.12/site-packages/wandb/sdk/lib/asyncio_manager.py", line 238, in _wrap
    return await fn()
           ^^^^^^^^^^
  File "/gpfs/home3/scur0088/project/.venv/lib/python3.12/site-packages/wandb/sdk/lib/service/service_client.py", line 42, in publish
    await self._send_server_request(request)
  File "/gpfs/home3/scur0088/project/.venv/lib/python3.12/site-packages/wandb/sdk/lib/service/service_client.py", line 75, in _send_server_request
    raise self._broken_exc.with_traceback(self._broken_tb)
  File "/gpfs/home3/scur0088/project/.venv/lib/python3.12/site-packages/wandb/sdk/lib/service/service_client.py", line 84, in _send_server_request
    await self._drain_writer()
  File "/gpfs/home3/scur0088/project/.venv/lib/python3.12/site-packages/wandb/sdk/lib/service/service_client.py", line 92, in _drain_writer
    await self._writer.drain()
  File "/gpfs/home3/scur0088/.local/share/uv/python/cpython-3.12.14-linux-x86_64-gnu/lib/python3.12/asyncio/streams.py", line 392, in drain
    await self._protocol._drain_helper()
  File "/gpfs/home3/scur0088/.local/share/uv/python/cpython-3.12.14-linux-x86_64-gnu/lib/python3.12/asyncio/streams.py", line 166, in _drain_helper
    raise ConnectionResetError('Connection lost')
ConnectionResetError: Connection lost
wandb: updating run metadata
W1011 03:18:01.410000 588020 .venv/lib/python3.12/site-packages/torch/distributed/elastic/multiprocessing/api.py:1028] Sending process 588144 closing signal SIGTERM
W1011 03:18:01.415000 588020 .venv/lib/python3.12/site-packages/torch/distributed/elastic/multiprocessing/api.py:1028] Sending process 588146 closing signal SIGTERM
W1011 03:18:01.417000 588020 .venv/lib/python3.12/site-packages/torch/distributed/elastic/multiprocessing/api.py:1028] Sending process 588147 closing signal SIGTERM
wandb: uploading output.log; uploading wandb-summary.json; uploading config.yaml
E1011 03:18:01.843000 588020 .venv/lib/python3.12/site-packages/torch/distributed/elastic/multiprocessing/api.py:1002] failed (exitcode: -7) local_rank: 1 (pid: 588145) of binary: /gpfs/home3/scur0088/project/.venv/bin/python3
Traceback (most recent call last):
  File "<frozen runpy>", line 198, in _run_module_as_main
  File "<frozen runpy>", line 88, in _run_code
  File "/gpfs/home3/scur0088/project/.venv/lib/python3.12/site-packages/torch/distributed/run.py", line 1142, in <module>
    main()
  File "/gpfs/home3/scur0088/project/.venv/lib/python3.12/site-packages/torch/distributed/elastic/multiprocessing/errors/__init__.py", line 380, in wrapper
    return f(*args, **kwargs)
           ^^^^^^^^^^^^^^^^^^
  File "/gpfs/home3/scur0088/project/.venv/lib/python3.12/site-packages/torch/distributed/run.py", line 1138, in main
    run(args)
  File "/gpfs/home3/scur0088/project/.venv/lib/python3.12/site-packages/torch/distributed/run.py", line 1129, in run
    elastic_launch(
  File "/gpfs/home3/scur0088/project/.venv/lib/python3.12/site-packages/torch/distributed/launcher/api.py", line 197, in __call__
    return launch_agent(
           ^^^^^^^^^^^^^
  File "/gpfs/home3/scur0088/project/.venv/lib/python3.12/site-packages/torch/distributed/launcher/api.py", line 386, in launch_agent
    raise ChildFailedError(
torch.distributed.elastic.multiprocessing.errors.ChildFailedError: 
========================================================
/home/scur0088/project/src/train.py FAILED
--------------------------------------------------------
Failures:
[1]:
  time      : 2026-10-11_03:18:01
  host      : tcn530.local.snellius.surf.nl
  rank      : 0 (local_rank: 0)
  exitcode  : -15 (pid: 588144)  (SIGTERM)
  error_file: <N/A>
  traceback : Signal 15 (SIGTERM) received by PID 588144
[2]:
  time      : 2026-10-11_03:18:01
  host      : tcn530.local.snellius.surf.nl
  rank      : 2 (local_rank: 2)
  exitcode  : -15 (pid: 588146)  (SIGTERM)
  error_file: <N/A>
  traceback : Signal 15 (SIGTERM) received by PID 588146
[3]:
  time      : 2026-10-11_03:18:01
  host      : tcn530.local.snellius.surf.nl
  rank      : 3 (local_rank: 3)
  exitcode  : -15 (pid: 588147)  (SIGTERM)
  error_file: <N/A>
  traceback : Signal 15 (SIGTERM) received by PID 588147
--------------------------------------------------------
Root Cause (first observed failure):
[0]:
  time      : 2026-10-11_03:18:01
  host      : tcn530.local.snellius.surf.nl
  rank      : 1 (local_rank: 1)
  exitcode  : -7 (pid: 588145)  (SIGBUS)
  error_file: <N/A>
  traceback : Signal 7 (SIGBUS) received by PID 588145
========================================================
wandb: 
wandb: Run summary:
wandb: exceptions/traceback Traceback (most rece...
wandb: 
wandb: 🚀 View run legendary-star-10 at: https://wandb.ai/ai-for-medical-imaging/SEGTHOR-3D-CPU/runs/gt8y3sw6
wandb: ⭐️ View project at: https://wandb.ai/ai-for-medical-imaging/SEGTHOR-3D-CPU
wandb: Synced 5 W&B file(s), 0 media file(s), 0 artifact file(s) and 0 other file(s)
wandb: Find logs at: ./results/wandb/wandb/run-20261011_031654-gt8y3sw6/logs
Traceback (most recent call last):
  File "/home/scur0088/project/src/train.py", line 795, in <module>
    main()
  File "/home/scur0088/project/src/train.py", line 773, in main
    runTraining(config)
  File "/home/scur0088/project/src/train.py", line 592, in runTraining
    pred_logits = net(img)
                  ^^^^^^^^
  File "/gpfs/home3/scur0088/project/.venv/lib/python3.12/site-packages/torch/nn/modules/module.py", line 1781, in _wrapped_call_impl
    return self._compiled_call_impl(*args, **kwargs)  # type: ignore[misc]
           ^^^^^^^^^^^^^^^^^^^^^^^^^^^^^^^^^^^^^^^^^
  File "/gpfs/home3/scur0088/project/.venv/lib/python3.12/site-packages/torch/_dynamo/eval_frame.py", line 1278, in compile_wrapper
    raise e.remove_dynamo_frames() from None  # see TORCHDYNAMO_VERBOSE=1
    ^^^^^^^^^^^^^^^^^^^^^^^^^^^^^^^^^^^^^^^^
  File "/gpfs/home3/scur0088/project/.venv/lib/python3.12/site-packages/torch/_inductor/compile_fx.py", line 1192, in _compile_fx_inner
    raise InductorError(e, currentframe()).with_traceback(
  File "/gpfs/home3/scur0088/project/.venv/lib/python3.12/site-packages/torch/_inductor/compile_fx.py", line 1169, in _compile_fx_inner
    mb_compiled_graph = fx_codegen_and_compile(
                        ^^^^^^^^^^^^^^^^^^^^^^^
  File "/gpfs/home3/scur0088/project/.venv/lib/python3.12/site-packages/torch/_inductor/compile_fx.py", line 2001, in fx_codegen_and_compile
    return scheme.codegen_and_compile(gm, example_inputs, inputs_to_check, graph_kwargs)
           ^^^^^^^^^^^^^^^^^^^^^^^^^^^^^^^^^^^^^^^^^^^^^^^^^^^^^^^^^^^^^^^^^^^^^^^^^^^^^
  File "/gpfs/home3/scur0088/project/.venv/lib/python3.12/site-packages/torch/_inductor/compile_fx.py", line 1495, in codegen_and_compile
    fake_mode = fake_tensor_prop(gm, example_inputs)
                ^^^^^^^^^^^^^^^^^^^^^^^^^^^^^^^^^^^^
  File "/gpfs/home3/scur0088/project/.venv/lib/python3.12/site-packages/torch/_inductor/compile_fx.py", line 805, in fake_tensor_prop
    FakeTensorProp(gm, mode=fake_mode).propagate_dont_convert_inputs(
  File "/gpfs/home3/scur0088/project/.venv/lib/python3.12/site-packages/torch/fx/passes/fake_tensor_prop.py", line 122, in propagate_dont_convert_inputs
    return super().run(*args)
           ^^^^^^^^^^^^^^^^^^
  File "/gpfs/home3/scur0088/project/.venv/lib/python3.12/site-packages/torch/fx/interpreter.py", line 197, in run
    self.env[node] = self.run_node(node)
                     ^^^^^^^^^^^^^^^^^^^
  File "/gpfs/home3/scur0088/project/.venv/lib/python3.12/site-packages/torch/fx/passes/fake_tensor_prop.py", line 79, in run_node
    result = super().run_node(n)
             ^^^^^^^^^^^^^^^^^^^
  File "/gpfs/home3/scur0088/project/.venv/lib/python3.12/site-packages/torch/fx/interpreter.py", line 294, in run_node
    return getattr(self, n.op)(n.target, args, kwargs)
           ^^^^^^^^^^^^^^^^^^^^^^^^^^^^^^^^^^^^^^^^^^^
  File "/gpfs/home3/scur0088/project/.venv/lib/python3.12/site-packages/torch/fx/interpreter.py", line 377, in call_function
    return target(*args, **kwargs)
           ^^^^^^^^^^^^^^^^^^^^^^^
  File "/gpfs/home3/scur0088/project/.venv/lib/python3.12/site-packages/torch/_ops.py", line 916, in __call__
    return self._op(*args, **kwargs)
           ^^^^^^^^^^^^^^^^^^^^^^^^^
  File "/gpfs/home3/scur0088/project/.venv/lib/python3.12/site-packages/torch/_compile.py", line 54, in inner
    return disable_fn(*args, **kwargs)
           ^^^^^^^^^^^^^^^^^^^^^^^^^^^
  File "/gpfs/home3/scur0088/project/.venv/lib/python3.12/site-packages/torch/_dynamo/eval_frame.py", line 1548, in _fn
    return fn(*args, **kwargs)
           ^^^^^^^^^^^^^^^^^^^
  File "/gpfs/home3/scur0088/project/.venv/lib/python3.12/site-packages/torch/utils/_stats.py", line 29, in wrapper
    return fn(*args, **kwargs)
           ^^^^^^^^^^^^^^^^^^^
  File "/gpfs/home3/scur0088/project/.venv/lib/python3.12/site-packages/torch/_subclasses/fake_tensor.py", line 1707, in __torch_dispatch__
    return self.dispatch(func, types, args, kwargs)
           ^^^^^^^^^^^^^^^^^^^^^^^^^^^^^^^^^^^^^^^^
  File "/gpfs/home3/scur0088/project/.venv/lib/python3.12/site-packages/torch/_subclasses/fake_tensor.py", line 2495, in dispatch
    return self._cached_dispatch_impl(func, types, args, kwargs)
           ^^^^^^^^^^^^^^^^^^^^^^^^^^^^^^^^^^^^^^^^^^^^^^^^^^^^^
  File "/gpfs/home3/scur0088/project/.venv/lib/python3.12/site-packages/torch/_subclasses/fake_tensor.py", line 1844, in _cached_dispatch_impl
    output = self._output_from_cache_entry(state, entry, key, func, args)
             ^^^^^^^^^^^^^^^^^^^^^^^^^^^^^^^^^^^^^^^^^^^^^^^^^^^^^^^^^^^^
  File "/gpfs/home3/scur0088/project/.venv/lib/python3.12/site-packages/torch/_subclasses/fake_tensor.py", line 2410, in _output_from_cache_entry
    return self._get_output_tensor_from_cache_entry(
           ^^^^^^^^^^^^^^^^^^^^^^^^^^^^^^^^^^^^^^^^^
  File "/gpfs/home3/scur0088/project/.venv/lib/python3.12/site-packages/torch/_subclasses/fake_tensor.py", line 2363, in _get_output_tensor_from_cache_entry
    with in_kernel_invocation_manager(self), maybe_suppress():
         ^^^^^^^^^^^^^^^^^^^^^^^^^^^^^^^^^^
  File "/gpfs/home3/scur0088/.local/share/uv/python/cpython-3.12.14-linux-x86_64-gnu/lib/python3.12/contextlib.py", line 144, in __exit__
    next(self.gen)
  File "/gpfs/home3/scur0088/project/.venv/lib/python3.12/site-packages/torch/_subclasses/fake_tensor.py", line 726, in in_kernel_invocation_manager
    with torch._C._DisableTorchDispatch():
         ^^^^^^^^^^^^^^^^^^^^^^^^^^^^^^^^
  File "/gpfs/home3/scur0088/project/.venv/lib/python3.12/site-packages/torch/utils/data/_utils/signal_handling.py", line 73, in handler
    _error_if_any_worker_fails()
torch._inductor.exc.InductorError: RuntimeError: DataLoader worker (pid 591652) is killed by signal: Killed. 

While executing %clamp_min_8 : [num_users=2] = call_function[target=torch.ops.aten.clamp_min.default](args = (%sub_23, 0.0), kwargs = {})
Original traceback:
  File "/gpfs/home3/scur0088/project/src/models/UNet3D.py", line 98, in forward
    x = dec(x, skip)
        ^^^^^^^^^^^^
  File "/gpfs/home3/scur0088/project/src/models/UNet3D.py", line 38, in forward
    x = F.interpolate(x, size=skip.shape[2:], mode="trilinear", align_corners=False)
        ^^^^^^^^^^^^^^^^^^^^^^^^^^^^^^^^^^^^^^^^^^^^^^^^^^^^^^^^^^^^^^^^^^^^^^^^^^^^

Use tlparse to see full graph. (https://github.com/pytorch/tlparse?tab=readme-ov-file#tlparse-parse-structured-pt2-logs)

Set TORCHDYNAMO_VERBOSE=1 for the internal stack trace (please do this especially if you're reporting a bug to PyTorch). For even more developer context, set TORCH_LOGS="+dynamo"

[2026-10-11T03:18:04.901] error: Detected 3 oom_kill events in StepId=27862929.0. Some of the step tasks have been OOM Killed.
srun: error: tcn530: task 3: Out Of Memory
srun: Terminating StepId=27862929.0
[2026-10-11T03:18:05.007] error: *** STEP 27862929.0 ON tcn530 CANCELLED AT 2026-10-11T03:18:05 DUE TO TASK FAILURE ***
W1011 03:18:05.015000 588019 .venv/lib/python3.12/site-packages/torch/distributed/elastic/agent/server/api.py:753] Received 15 death signal, shutting down workers
W1011 03:18:05.017000 588019 .venv/lib/python3.12/site-packages/torch/distributed/elastic/multiprocessing/api.py:1028] Sending process 588138 closing signal SIGTERM
W1011 03:18:05.016000 588017 .venv/lib/python3.12/site-packages/torch/distributed/elastic/agent/server/api.py:753] Received 15 death signal, shutting down workers
W1011 03:18:05.016000 588018 .venv/lib/python3.12/site-packages/torch/distributed/elastic/agent/server/api.py:753] Received 15 death signal, shutting down workers
W1011 03:18:05.018000 588017 .venv/lib/python3.12/site-packages/torch/distributed/elastic/multiprocessing/api.py:1028] Sending process 588154 closing signal SIGTERM
W1011 03:18:05.019000 588018 .venv/lib/python3.12/site-packages/torch/distributed/elastic/multiprocessing/api.py:1028] Sending process 588132 closing signal SIGTERM
W1011 03:18:05.022000 588019 .venv/lib/python3.12/site-packages/torch/distributed/elastic/multiprocessing/api.py:1028] Sending process 588139 closing signal SIGTERM
W1011 03:18:05.023000 588017 .venv/lib/python3.12/site-packages/torch/distributed/elastic/multiprocessing/api.py:1028] Sending process 588155 closing signal SIGTERM
W1011 03:18:05.025000 588017 .venv/lib/python3.12/site-packages/torch/distributed/elastic/multiprocessing/api.py:1028] Sending process 588156 closing signal SIGTERM
W1011 03:18:05.034000 588018 .venv/lib/python3.12/site-packages/torch/distributed/elastic/multiprocessing/api.py:1028] Sending process 588133 closing signal SIGTERM
W1011 03:18:05.034000 588017 .venv/lib/python3.12/site-packages/torch/distributed/elastic/multiprocessing/api.py:1028] Sending process 588157 closing signal SIGTERM
W1011 03:18:05.035000 588019 .venv/lib/python3.12/site-packages/torch/distributed/elastic/multiprocessing/api.py:1028] Sending process 588140 closing signal SIGTERM
W1011 03:18:05.036000 588018 .venv/lib/python3.12/site-packages/torch/distributed/elastic/multiprocessing/api.py:1028] Sending process 588134 closing signal SIGTERM
W1011 03:18:05.042000 588018 .venv/lib/python3.12/site-packages/torch/distributed/elastic/multiprocessing/api.py:1028] Sending process 588135 closing signal SIGTERM
W1011 03:18:05.042000 588019 .venv/lib/python3.12/site-packages/torch/distributed/elastic/multiprocessing/api.py:1028] Sending process 588141 closing signal SIGTERM
Traceback (most recent call last):
  File "<frozen runpy>", line 198, in _run_module_as_main
  File "<frozen runpy>", line 88, in _run_code
  File "/gpfs/home3/scur0088/project/.venv/lib/python3.12/site-packages/torch/distributed/run.py", line 1142, in <module>
    main()
  File "/gpfs/home3/scur0088/project/.venv/lib/python3.12/site-packages/torch/distributed/elastic/multiprocessing/errors/__init__.py", line 380, in wrapper
    return f(*args, **kwargs)
           ^^^^^^^^^^^^^^^^^^
  File "/gpfs/home3/scur0088/project/.venv/lib/python3.12/site-packages/torch/distributed/run.py", line 1138, in main
    run(args)
  File "/gpfs/home3/scur0088/project/.venv/lib/python3.12/site-packages/torch/distributed/run.py", line 1129, in run
    elastic_launch(
  File "/gpfs/home3/scur0088/project/.venv/lib/python3.12/site-packages/torch/distributed/launcher/api.py", line 197, in __call__
    return launch_agent(
           ^^^^^^^^^^^^^
  File "/gpfs/home3/scur0088/project/.venv/lib/python3.12/site-packages/torch/distributed/launcher/api.py", line 377, in launch_agent
    result = agent.run()
             ^^^^^^^^^^^
  File "/gpfs/home3/scur0088/project/.venv/lib/python3.12/site-packages/torch/distributed/elastic/metrics/api.py", line 134, in wrapper
    result = f(*args, **kwargs)
             ^^^^^^^^^^^^^^^^^^
  File "/gpfs/home3/scur0088/project/.venv/lib/python3.12/site-packages/torch/distributed/elastic/agent/server/api.py", line 745, in run
    result = self._invoke_run(role)
             ^^^^^^^^^^^^^^^^^^^^^^
  File "/gpfs/home3/scur0088/project/.venv/lib/python3.12/site-packages/torch/distributed/elastic/agent/server/api.py", line 923, in _invoke_run
    time.sleep(monitor_interval)
  File "/gpfs/home3/scur0088/project/.venv/lib/python3.12/site-packages/torch/distributed/elastic/multiprocessing/api.py", line 86, in _terminate_process_handler
    raise SignalException(f"Process {os.getpid()} got signal: {sigval}", sigval=sigval)
torch.distributed.elastic.multiprocessing.api.SignalException: Process 588018 got signal: 15
Traceback (most recent call last):
  File "<frozen runpy>", line 198, in _run_module_as_main
  File "<frozen runpy>", line 88, in _run_code
  File "/gpfs/home3/scur0088/project/.venv/lib/python3.12/site-packages/torch/distributed/run.py", line 1142, in <module>
    main()
  File "/gpfs/home3/scur0088/project/.venv/lib/python3.12/site-packages/torch/distributed/elastic/multiprocessing/errors/__init__.py", line 380, in wrapper
    return f(*args, **kwargs)
           ^^^^^^^^^^^^^^^^^^
  File "/gpfs/home3/scur0088/project/.venv/lib/python3.12/site-packages/torch/distributed/run.py", line 1138, in main
    run(args)
  File "/gpfs/home3/scur0088/project/.venv/lib/python3.12/site-packages/torch/distributed/run.py", line 1129, in run
    elastic_launch(
  File "/gpfs/home3/scur0088/project/.venv/lib/python3.12/site-packages/torch/distributed/launcher/api.py", line 197, in __call__
    return launch_agent(
           ^^^^^^^^^^^^^
  File "/gpfs/home3/scur0088/project/.venv/lib/python3.12/site-packages/torch/distributed/launcher/api.py", line 377, in launch_agent
    result = agent.run()
             ^^^^^^^^^^^
  File "/gpfs/home3/scur0088/project/.venv/lib/python3.12/site-packages/torch/distributed/elastic/metrics/api.py", line 134, in wrapper
    result = f(*args, **kwargs)
             ^^^^^^^^^^^^^^^^^^
  File "/gpfs/home3/scur0088/project/.venv/lib/python3.12/site-packages/torch/distributed/elastic/agent/server/api.py", line 745, in run
    result = self._invoke_run(role)
             ^^^^^^^^^^^^^^^^^^^^^^
  File "/gpfs/home3/scur0088/project/.venv/lib/python3.12/site-packages/torch/distributed/elastic/agent/server/api.py", line 923, in _invoke_run
    time.sleep(monitor_interval)
  File "/gpfs/home3/scur0088/project/.venv/lib/python3.12/site-packages/torch/distributed/elastic/multiprocessing/api.py", line 86, in _terminate_process_handler
    raise SignalException(f"Process {os.getpid()} got signal: {sigval}", sigval=sigval)
torch.distributed.elastic.multiprocessing.api.SignalException: Process 588019 got signal: 15
Traceback (most recent call last):
  File "<frozen runpy>", line 198, in _run_module_as_main
  File "<frozen runpy>", line 88, in _run_code
  File "/gpfs/home3/scur0088/project/.venv/lib/python3.12/site-packages/torch/distributed/run.py", line 1142, in <module>
    main()
  File "/gpfs/home3/scur0088/project/.venv/lib/python3.12/site-packages/torch/distributed/elastic/multiprocessing/errors/__init__.py", line 380, in wrapper
    return f(*args, **kwargs)
           ^^^^^^^^^^^^^^^^^^
  File "/gpfs/home3/scur0088/project/.venv/lib/python3.12/site-packages/torch/distributed/run.py", line 1138, in main
    run(args)
  File "/gpfs/home3/scur0088/project/.venv/lib/python3.12/site-packages/torch/distributed/run.py", line 1129, in run
    elastic_launch(
  File "/gpfs/home3/scur0088/project/.venv/lib/python3.12/site-packages/torch/distributed/launcher/api.py", line 197, in __call__
    return launch_agent(
           ^^^^^^^^^^^^^
  File "/gpfs/home3/scur0088/project/.venv/lib/python3.12/site-packages/torch/distributed/launcher/api.py", line 377, in launch_agent
    result = agent.run()
             ^^^^^^^^^^^
  File "/gpfs/home3/scur0088/project/.venv/lib/python3.12/site-packages/torch/distributed/elastic/metrics/api.py", line 134, in wrapper
    result = f(*args, **kwargs)
             ^^^^^^^^^^^^^^^^^^
  File "/gpfs/home3/scur0088/project/.venv/lib/python3.12/site-packages/torch/distributed/elastic/agent/server/api.py", line 745, in run
    result = self._invoke_run(role)
             ^^^^^^^^^^^^^^^^^^^^^^
  File "/gpfs/home3/scur0088/project/.venv/lib/python3.12/site-packages/torch/distributed/elastic/agent/server/api.py", line 923, in _invoke_run
    time.sleep(monitor_interval)
  File "/gpfs/home3/scur0088/project/.venv/lib/python3.12/site-packages/torch/distributed/elastic/multiprocessing/api.py", line 86, in _terminate_process_handler
    raise SignalException(f"Process {os.getpid()} got signal: {sigval}", sigval=sigval)
torch.distributed.elastic.multiprocessing.api.SignalException: Process 588017 got signal: 15
